huc,skew_region,rule,valid_states,source,notes
1701,Pacific Northwest,member,ID;MT;OR;WA,SIR 2016-5118 p. 1 (abstract) and p. 23 (https://doi.org/10.3133/sir20165118); SIR 2016-5083 app. B (https://doi.org/10.3133/sir20165083),Kootenai-Pend Oreille-Spokane (Columbia basin)
1702,Pacific Northwest,member,ID;MT;OR;WA,SIR 2016-5118 p. 1 (abstract) and p. 23 (https://doi.org/10.3133/sir20165118); SIR 2016-5083 app. B (https://doi.org/10.3133/sir20165083),Upper Columbia (Columbia basin)
1703,Pacific Northwest,member,ID;MT;OR;WA,SIR 2016-5118 p. 1 (abstract) and p. 23 (https://doi.org/10.3133/sir20165118); SIR 2016-5083 app. B (https://doi.org/10.3133/sir20165083),Yakima (Columbia basin)
1704,Pacific Northwest,member,ID;MT;OR;WA,SIR 2016-5118 p. 1 (abstract) and p. 23 (https://doi.org/10.3133/sir20165118); SIR 2016-5083 app. B (https://doi.org/10.3133/sir20165083),Upper Snake (Columbia basin)
1705,Pacific Northwest,member,ID;MT;OR;WA,SIR 2016-5118 p. 1 (abstract) and p. 23 (https://doi.org/10.3133/sir20165118); SIR 2016-5083 app. B (https://doi.org/10.3133/sir20165083),Middle Snake (Columbia basin)
1706,Pacific Northwest,member,ID;MT;OR;WA,SIR 2016-5118 p. 1 (abstract) and p. 23 (https://doi.org/10.3133/sir20165118); SIR 2016-5083 app. B (https://doi.org/10.3133/sir20165083),Lower Snake (Columbia basin)
1707,Pacific Northwest,member,ID;MT;OR;WA,SIR 2016-5118 p. 1 (abstract) and p. 23 (https://doi.org/10.3133/sir20165118); SIR 2016-5083 app. B (https://doi.org/10.3133/sir20165083),Middle Columbia (Columbia basin)
1708,Pacific Northwest,member,ID;MT;OR;WA,SIR 2016-5118 p. 1 (abstract) and p. 23 (https://doi.org/10.3133/sir20165118); SIR 2016-5083 app. B (https://doi.org/10.3133/sir20165083),Lower Columbia (Columbia basin)
1709,Pacific Northwest,member,ID;MT;OR;WA,SIR 2016-5118 p. 1 (abstract) and p. 23 (https://doi.org/10.3133/sir20165118); SIR 2016-5083 app. B (https://doi.org/10.3133/sir20165083),Willamette (Columbia basin)
1710,Pacific Northwest,member,ID;MT;OR;WA,SIR 2016-5118 p. 1 (abstract) and p. 23 (https://doi.org/10.3133/sir20165118); SIR 2016-5083 app. B (https://doi.org/10.3133/sir20165083),Oregon-Washington coastal
1711,Pacific Northwest,member,ID;MT;OR;WA,SIR 2016-5118 p. 1 (abstract) and p. 23 (https://doi.org/10.3133/sir20165118); SIR 2016-5083 app. B (https://doi.org/10.3133/sir20165083),Puget Sound
1712,Pacific Northwest,unresolved,,SIR 2016-5118 p. 1 (abstract) and p. 23 (https://doi.org/10.3133/sir20165118); SIR 2016-5083 app. B (https://doi.org/10.3133/sir20165083),"Oregon closed basins. Not in the study region as SIR 2016-5118 pp. 1, 23 define it (Columbia basin, OR/WA coast, remainder of WA), yet 4 of the 290 study gages are here (SIR 2016-5083 Table B1, e.g. 10396000). Unresolved: use regional_skew_for('OR', 'Pacific Northwest') deliberately, or consult the USGS."
1801,Pacific Northwest,unresolved,,SIR 2016-5118 p. 1 (abstract) and p. 23 (https://doi.org/10.3133/sir20165118); SIR 2016-5083 app. B (https://doi.org/10.3133/sir20165083),"Klamath-Northern California coastal. Not in the study region as SIR 2016-5118 pp. 1, 23 define it, yet 1 of the 290 study gages (11502500, Williamson River, OR) is here (SIR 2016-5083 Table B1). Unresolved for the same reason as 1712; the California part is outside the study entirely."
170401040906,Snake River Plain,boundary,,"SIR 2016-5083 p. 52 (PNW skew invalid in region 0), p. 17 and p. 9 fig. 3 (region 0 defined); region polygons from StreamStats nss/regions layer 11 (Peak_Flow_Region_*_2016_5083)",Kelly Canyon-Snake River; 44% of area in region 0
170402010102,Snake River Plain,boundary,,"SIR 2016-5083 p. 52 (PNW skew invalid in region 0), p. 17 and p. 9 fig. 3 (region 0 defined); region polygons from StreamStats nss/regions layer 11 (Peak_Flow_Region_*_2016_5083)",Kelly Canyon-Snake River; 76% of area in region 0
170402010200,Snake River Plain,excluded,,"SIR 2016-5083 p. 52 (PNW skew invalid in region 0), p. 17 and p. 9 fig. 3 (region 0 defined); region polygons from StreamStats nss/regions layer 11 (Peak_Flow_Region_*_2016_5083)",Town of Hawgood; 100% of area in region 0
170402010301,Snake River Plain,excluded,,"SIR 2016-5083 p. 52 (PNW skew invalid in region 0), p. 17 and p. 9 fig. 3 (region 0 defined); region polygons from StreamStats nss/regions layer 11 (Peak_Flow_Region_*_2016_5083)",Market Lake; 100% of area in region 0
170402010302,Snake River Plain,excluded,,"SIR 2016-5083 p. 52 (PNW skew invalid in region 0), p. 17 and p. 9 fig. 3 (region 0 defined); region polygons from StreamStats nss/regions layer 11 (Peak_Flow_Region_*_2016_5083)",Spring Creek-Snake River; 100% of area in region 0
170402010401,Snake River Plain,excluded,,"SIR 2016-5083 p. 52 (PNW skew invalid in region 0), p. 17 and p. 9 fig. 3 (region 0 defined); region polygons from StreamStats nss/regions layer 11 (Peak_Flow_Region_*_2016_5083)",Upper Kettle Butte Drain; 100% of area in region 0
170402010402,Snake River Plain,excluded,,"SIR 2016-5083 p. 52 (PNW skew invalid in region 0), p. 17 and p. 9 fig. 3 (region 0 defined); region polygons from StreamStats nss/regions layer 11 (Peak_Flow_Region_*_2016_5083)",Lower Kettle Butte Drain; 100% of area in region 0
170402010501,Snake River Plain,excluded,,"SIR 2016-5083 p. 52 (PNW skew invalid in region 0), p. 17 and p. 9 fig. 3 (region 0 defined); region polygons from StreamStats nss/regions layer 11 (Peak_Flow_Region_*_2016_5083)",Dry Bed; 100% of area in region 0
170402010502,Snake River Plain,excluded,,"SIR 2016-5083 p. 52 (PNW skew invalid in region 0), p. 17 and p. 9 fig. 3 (region 0 defined); region polygons from StreamStats nss/regions layer 11 (Peak_Flow_Region_*_2016_5083)",Lewisville Knolls-Snake River; 100% of area in region 0
170402010503,Snake River Plain,boundary,,"SIR 2016-5083 p. 52 (PNW skew invalid in region 0), p. 17 and p. 9 fig. 3 (region 0 defined); region polygons from StreamStats nss/regions layer 11 (Peak_Flow_Region_*_2016_5083)",Birch Creek-Snake River; 85% of area in region 0
170402030400,Snake River Plain,excluded,,"SIR 2016-5083 p. 52 (PNW skew invalid in region 0), p. 17 and p. 9 fig. 3 (region 0 defined); region polygons from StreamStats nss/regions layer 11 (Peak_Flow_Region_*_2016_5083)",Black Knoll; 100% of area in region 0
170402030501,Snake River Plain,boundary,,"SIR 2016-5083 p. 52 (PNW skew invalid in region 0), p. 17 and p. 9 fig. 3 (region 0 defined); region polygons from StreamStats nss/regions layer 11 (Peak_Flow_Region_*_2016_5083)",Blue Creek-Sand Creek; 55% of area in region 0
170402030502,Snake River Plain,boundary,,"SIR 2016-5083 p. 52 (PNW skew invalid in region 0), p. 17 and p. 9 fig. 3 (region 0 defined); region polygons from StreamStats nss/regions layer 11 (Peak_Flow_Region_*_2016_5083)",Pine Creek-Sand Creek; 57% of area in region 0
170402030503,Snake River Plain,boundary,,"SIR 2016-5083 p. 52 (PNW skew invalid in region 0), p. 17 and p. 9 fig. 3 (region 0 defined); region polygons from StreamStats nss/regions layer 11 (Peak_Flow_Region_*_2016_5083)",Snow Creek-Henrys Fork; 34% of area in region 0
170402030504,Snake River Plain,excluded,,"SIR 2016-5083 p. 52 (PNW skew invalid in region 0), p. 17 and p. 9 fig. 3 (region 0 defined); region polygons from StreamStats nss/regions layer 11 (Peak_Flow_Region_*_2016_5083)",Egin Lakes-Henrys Fork; 95% of area in region 0
170402030505,Snake River Plain,boundary,,"SIR 2016-5083 p. 52 (PNW skew invalid in region 0), p. 17 and p. 9 fig. 3 (region 0 defined); region polygons from StreamStats nss/regions layer 11 (Peak_Flow_Region_*_2016_5083)",Texas Slough; 66% of area in region 0
170402030506,Snake River Plain,excluded,,"SIR 2016-5083 p. 52 (PNW skew invalid in region 0), p. 17 and p. 9 fig. 3 (region 0 defined); region polygons from StreamStats nss/regions layer 11 (Peak_Flow_Region_*_2016_5083)",Cartier Slough-Henrys Fork; 100% of area in region 0
170402040503,Snake River Plain,boundary,,"SIR 2016-5083 p. 52 (PNW skew invalid in region 0), p. 17 and p. 9 fig. 3 (region 0 defined); region polygons from StreamStats nss/regions layer 11 (Peak_Flow_Region_*_2016_5083)",Historic Teton Dam-Teton River; 30% of area in region 0
170402040604,Snake River Plain,boundary,,"SIR 2016-5083 p. 52 (PNW skew invalid in region 0), p. 17 and p. 9 fig. 3 (region 0 defined); region polygons from StreamStats nss/regions layer 11 (Peak_Flow_Region_*_2016_5083)",Canyon Creek Canal; 17% of area in region 0
170402040703,Snake River Plain,boundary,,"SIR 2016-5083 p. 52 (PNW skew invalid in region 0), p. 17 and p. 9 fig. 3 (region 0 defined); region polygons from StreamStats nss/regions layer 11 (Peak_Flow_Region_*_2016_5083)",Lower Moody Creek; 4% of area in region 0
170402040801,Snake River Plain,boundary,,"SIR 2016-5083 p. 52 (PNW skew invalid in region 0), p. 17 and p. 9 fig. 3 (region 0 defined); region polygons from StreamStats nss/regions layer 11 (Peak_Flow_Region_*_2016_5083)",Teton River; 43% of area in region 0
170402040802,Snake River Plain,excluded,,"SIR 2016-5083 p. 52 (PNW skew invalid in region 0), p. 17 and p. 9 fig. 3 (region 0 defined); region polygons from StreamStats nss/regions layer 11 (Peak_Flow_Region_*_2016_5083)",Farmers Friend Canal-Teton River; 100% of area in region 0
170402040803,Snake River Plain,boundary,,"SIR 2016-5083 p. 52 (PNW skew invalid in region 0), p. 17 and p. 9 fig. 3 (region 0 defined); region polygons from StreamStats nss/regions layer 11 (Peak_Flow_Region_*_2016_5083)",South Teton River; 49% of area in region 0
170402050406,Snake River Plain,boundary,,"SIR 2016-5083 p. 52 (PNW skew invalid in region 0), p. 17 and p. 9 fig. 3 (region 0 defined); region polygons from StreamStats nss/regions layer 11 (Peak_Flow_Region_*_2016_5083)",Upper Willow Creek; 18% of area in region 0
170402050407,Snake River Plain,boundary,,"SIR 2016-5083 p. 52 (PNW skew invalid in region 0), p. 17 and p. 9 fig. 3 (region 0 defined); region polygons from StreamStats nss/regions layer 11 (Peak_Flow_Region_*_2016_5083)",Lower Willow Creek; 68% of area in region 0
170402060101,Snake River Plain,excluded,,"SIR 2016-5083 p. 52 (PNW skew invalid in region 0), p. 17 and p. 9 fig. 3 (region 0 defined); region polygons from StreamStats nss/regions layer 11 (Peak_Flow_Region_*_2016_5083)",Little Butte; 100% of area in region 0
170402060102,Snake River Plain,excluded,,"SIR 2016-5083 p. 52 (PNW skew invalid in region 0), p. 17 and p. 9 fig. 3 (region 0 defined); region polygons from StreamStats nss/regions layer 11 (Peak_Flow_Region_*_2016_5083)",Twentymile Rock; 100% of area in region 0
170402060103,Snake River Plain,excluded,,"SIR 2016-5083 p. 52 (PNW skew invalid in region 0), p. 17 and p. 9 fig. 3 (region 0 defined); region polygons from StreamStats nss/regions layer 11 (Peak_Flow_Region_*_2016_5083)",Butterfly Butte; 100% of area in region 0
170402060104,Snake River Plain,excluded,,"SIR 2016-5083 p. 52 (PNW skew invalid in region 0), p. 17 and p. 9 fig. 3 (region 0 defined); region polygons from StreamStats nss/regions layer 11 (Peak_Flow_Region_*_2016_5083)",170402060104; 100% of area in region 0
170402060105,Snake River Plain,excluded,,"SIR 2016-5083 p. 52 (PNW skew invalid in region 0), p. 17 and p. 9 fig. 3 (region 0 defined); region polygons from StreamStats nss/regions layer 11 (Peak_Flow_Region_*_2016_5083)",Oakland Canal; 100% of area in region 0
170402060106,Snake River Plain,excluded,,"SIR 2016-5083 p. 52 (PNW skew invalid in region 0), p. 17 and p. 9 fig. 3 (region 0 defined); region polygons from StreamStats nss/regions layer 11 (Peak_Flow_Region_*_2016_5083)",Martin Canal; 100% of area in region 0
170402060107,Snake River Plain,excluded,,"SIR 2016-5083 p. 52 (PNW skew invalid in region 0), p. 17 and p. 9 fig. 3 (region 0 defined); region polygons from StreamStats nss/regions layer 11 (Peak_Flow_Region_*_2016_5083)",Great Western Canal; 100% of area in region 0
170402060201,Snake River Plain,excluded,,"SIR 2016-5083 p. 52 (PNW skew invalid in region 0), p. 17 and p. 9 fig. 3 (region 0 defined); region polygons from StreamStats nss/regions layer 11 (Peak_Flow_Region_*_2016_5083)",Tilden Flat; 100% of area in region 0
170402060202,Snake River Plain,excluded,,"SIR 2016-5083 p. 52 (PNW skew invalid in region 0), p. 17 and p. 9 fig. 3 (region 0 defined); region polygons from StreamStats nss/regions layer 11 (Peak_Flow_Region_*_2016_5083)",Saint Marys Knoll; 100% of area in region 0
170402060203,Snake River Plain,excluded,,"SIR 2016-5083 p. 52 (PNW skew invalid in region 0), p. 17 and p. 9 fig. 3 (region 0 defined); region polygons from StreamStats nss/regions layer 11 (Peak_Flow_Region_*_2016_5083)",Baldy Knoll; 100% of area in region 0
170402060204,Snake River Plain,excluded,,"SIR 2016-5083 p. 52 (PNW skew invalid in region 0), p. 17 and p. 9 fig. 3 (region 0 defined); region polygons from StreamStats nss/regions layer 11 (Peak_Flow_Region_*_2016_5083)",Highline Canal; 100% of area in region 0
170402060205,Snake River Plain,excluded,,"SIR 2016-5083 p. 52 (PNW skew invalid in region 0), p. 17 and p. 9 fig. 3 (region 0 defined); region polygons from StreamStats nss/regions layer 11 (Peak_Flow_Region_*_2016_5083)",170402060205; 100% of area in region 0
170402060206,Snake River Plain,excluded,,"SIR 2016-5083 p. 52 (PNW skew invalid in region 0), p. 17 and p. 9 fig. 3 (region 0 defined); region polygons from StreamStats nss/regions layer 11 (Peak_Flow_Region_*_2016_5083)",Town of Rising River; 100% of area in region 0
170402060207,Snake River Plain,excluded,,"SIR 2016-5083 p. 52 (PNW skew invalid in region 0), p. 17 and p. 9 fig. 3 (region 0 defined); region polygons from StreamStats nss/regions layer 11 (Peak_Flow_Region_*_2016_5083)",Aberdeen Springfield Canal; 100% of area in region 0
170402060208,Snake River Plain,excluded,,"SIR 2016-5083 p. 52 (PNW skew invalid in region 0), p. 17 and p. 9 fig. 3 (region 0 defined); region polygons from StreamStats nss/regions layer 11 (Peak_Flow_Region_*_2016_5083)",City of Rockford; 100% of area in region 0
170402060209,Snake River Plain,excluded,,"SIR 2016-5083 p. 52 (PNW skew invalid in region 0), p. 17 and p. 9 fig. 3 (region 0 defined); region polygons from StreamStats nss/regions layer 11 (Peak_Flow_Region_*_2016_5083)",Watson Slough; 100% of area in region 0
170402060301,Snake River Plain,excluded,,"SIR 2016-5083 p. 52 (PNW skew invalid in region 0), p. 17 and p. 9 fig. 3 (region 0 defined); region polygons from StreamStats nss/regions layer 11 (Peak_Flow_Region_*_2016_5083)",Town of Shelley-Snake River; 100% of area in region 0
170402060302,Snake River Plain,excluded,,"SIR 2016-5083 p. 52 (PNW skew invalid in region 0), p. 17 and p. 9 fig. 3 (region 0 defined); region polygons from StreamStats nss/regions layer 11 (Peak_Flow_Region_*_2016_5083)",170402060302; 100% of area in region 0
170402060303,Snake River Plain,excluded,,"SIR 2016-5083 p. 52 (PNW skew invalid in region 0), p. 17 and p. 9 fig. 3 (region 0 defined); region polygons from StreamStats nss/regions layer 11 (Peak_Flow_Region_*_2016_5083)",170402060303; 100% of area in region 0
170402060304,Snake River Plain,excluded,,"SIR 2016-5083 p. 52 (PNW skew invalid in region 0), p. 17 and p. 9 fig. 3 (region 0 defined); region polygons from StreamStats nss/regions layer 11 (Peak_Flow_Region_*_2016_5083)",Town of Basalt-Snake River; 100% of area in region 0
170402060305,Snake River Plain,excluded,,"SIR 2016-5083 p. 52 (PNW skew invalid in region 0), p. 17 and p. 9 fig. 3 (region 0 defined); region polygons from StreamStats nss/regions layer 11 (Peak_Flow_Region_*_2016_5083)",Jensens Lake-Snake River; 100% of area in region 0
170402060401,Snake River Plain,excluded,,"SIR 2016-5083 p. 52 (PNW skew invalid in region 0), p. 17 and p. 9 fig. 3 (region 0 defined); region polygons from StreamStats nss/regions layer 11 (Peak_Flow_Region_*_2016_5083)",Wood Road Lake; 100% of area in region 0
170402060402,Snake River Plain,excluded,,"SIR 2016-5083 p. 52 (PNW skew invalid in region 0), p. 17 and p. 9 fig. 3 (region 0 defined); region polygons from StreamStats nss/regions layer 11 (Peak_Flow_Region_*_2016_5083)",Table Legs Butte; 100% of area in region 0
170402060403,Snake River Plain,excluded,,"SIR 2016-5083 p. 52 (PNW skew invalid in region 0), p. 17 and p. 9 fig. 3 (region 0 defined); region polygons from StreamStats nss/regions layer 11 (Peak_Flow_Region_*_2016_5083)",Number 1 Well; 100% of area in region 0
170402060404,Snake River Plain,excluded,,"SIR 2016-5083 p. 52 (PNW skew invalid in region 0), p. 17 and p. 9 fig. 3 (region 0 defined); region polygons from StreamStats nss/regions layer 11 (Peak_Flow_Region_*_2016_5083)",170402060404; 100% of area in region 0
170402060405,Snake River Plain,excluded,,"SIR 2016-5083 p. 52 (PNW skew invalid in region 0), p. 17 and p. 9 fig. 3 (region 0 defined); region polygons from StreamStats nss/regions layer 11 (Peak_Flow_Region_*_2016_5083)",Town of Springfield; 100% of area in region 0
170402060501,Snake River Plain,excluded,,"SIR 2016-5083 p. 52 (PNW skew invalid in region 0), p. 17 and p. 9 fig. 3 (region 0 defined); region polygons from StreamStats nss/regions layer 11 (Peak_Flow_Region_*_2016_5083)",Lau Lakes; 100% of area in region 0
170402060502,Snake River Plain,excluded,,"SIR 2016-5083 p. 52 (PNW skew invalid in region 0), p. 17 and p. 9 fig. 3 (region 0 defined); region polygons from StreamStats nss/regions layer 11 (Peak_Flow_Region_*_2016_5083)",Rock Corral Butte; 100% of area in region 0
170402060503,Snake River Plain,excluded,,"SIR 2016-5083 p. 52 (PNW skew invalid in region 0), p. 17 and p. 9 fig. 3 (region 0 defined); region polygons from StreamStats nss/regions layer 11 (Peak_Flow_Region_*_2016_5083)",Number 2 Well; 100% of area in region 0
170402060504,Snake River Plain,excluded,,"SIR 2016-5083 p. 52 (PNW skew invalid in region 0), p. 17 and p. 9 fig. 3 (region 0 defined); region polygons from StreamStats nss/regions layer 11 (Peak_Flow_Region_*_2016_5083)",Coffee Point; 100% of area in region 0
170402060505,Snake River Plain,excluded,,"SIR 2016-5083 p. 52 (PNW skew invalid in region 0), p. 17 and p. 9 fig. 3 (region 0 defined); region polygons from StreamStats nss/regions layer 11 (Peak_Flow_Region_*_2016_5083)",Big Fill Reservoir; 100% of area in region 0
170402060601,Snake River Plain,excluded,,"SIR 2016-5083 p. 52 (PNW skew invalid in region 0), p. 17 and p. 9 fig. 3 (region 0 defined); region polygons from StreamStats nss/regions layer 11 (Peak_Flow_Region_*_2016_5083)",Rock Lake; 100% of area in region 0
170402060602,Snake River Plain,excluded,,"SIR 2016-5083 p. 52 (PNW skew invalid in region 0), p. 17 and p. 9 fig. 3 (region 0 defined); region polygons from StreamStats nss/regions layer 11 (Peak_Flow_Region_*_2016_5083)",Ryegrass Flat; 100% of area in region 0
170402060603,Snake River Plain,excluded,,"SIR 2016-5083 p. 52 (PNW skew invalid in region 0), p. 17 and p. 9 fig. 3 (region 0 defined); region polygons from StreamStats nss/regions layer 11 (Peak_Flow_Region_*_2016_5083)",High Line Canal; 100% of area in region 0
170402060701,Snake River Plain,excluded,,"SIR 2016-5083 p. 52 (PNW skew invalid in region 0), p. 17 and p. 9 fig. 3 (region 0 defined); region polygons from StreamStats nss/regions layer 11 (Peak_Flow_Region_*_2016_5083)",170402060701; 100% of area in region 0
170402060702,Snake River Plain,excluded,,"SIR 2016-5083 p. 52 (PNW skew invalid in region 0), p. 17 and p. 9 fig. 3 (region 0 defined); region polygons from StreamStats nss/regions layer 11 (Peak_Flow_Region_*_2016_5083)",170402060702; 100% of area in region 0
170402060703,Snake River Plain,excluded,,"SIR 2016-5083 p. 52 (PNW skew invalid in region 0), p. 17 and p. 9 fig. 3 (region 0 defined); region polygons from StreamStats nss/regions layer 11 (Peak_Flow_Region_*_2016_5083)",Aberdeen Municipal Airport; 100% of area in region 0
170402060704,Snake River Plain,excluded,,"SIR 2016-5083 p. 52 (PNW skew invalid in region 0), p. 17 and p. 9 fig. 3 (region 0 defined); region polygons from StreamStats nss/regions layer 11 (Peak_Flow_Region_*_2016_5083)",City of Aberdeen; 100% of area in region 0
170402060905,Snake River Plain,boundary,,"SIR 2016-5083 p. 52 (PNW skew invalid in region 0), p. 17 and p. 9 fig. 3 (region 0 defined); region polygons from StreamStats nss/regions layer 11 (Peak_Flow_Region_*_2016_5083)",Eagletail Rock-Bannock Creek; 10% of area in region 0
170402061001,Snake River Plain,excluded,,"SIR 2016-5083 p. 52 (PNW skew invalid in region 0), p. 17 and p. 9 fig. 3 (region 0 defined); region polygons from StreamStats nss/regions layer 11 (Peak_Flow_Region_*_2016_5083)",Jeff Cabin Creek-Snake River; 100% of area in region 0
170402061002,Snake River Plain,excluded,,"SIR 2016-5083 p. 52 (PNW skew invalid in region 0), p. 17 and p. 9 fig. 3 (region 0 defined); region polygons from StreamStats nss/regions layer 11 (Peak_Flow_Region_*_2016_5083)",City of Sterling-American Falls Reservoir; 100% of area in region 0
170402061004,Snake River Plain,excluded,,"SIR 2016-5083 p. 52 (PNW skew invalid in region 0), p. 17 and p. 9 fig. 3 (region 0 defined); region polygons from StreamStats nss/regions layer 11 (Peak_Flow_Region_*_2016_5083)",Town of Fairview; 100% of area in region 0
170402061005,Snake River Plain,excluded,,"SIR 2016-5083 p. 52 (PNW skew invalid in region 0), p. 17 and p. 9 fig. 3 (region 0 defined); region polygons from StreamStats nss/regions layer 11 (Peak_Flow_Region_*_2016_5083)",Big Hole-American Falls Reservoir; 100% of area in region 0
170402061006,Snake River Plain,boundary,,"SIR 2016-5083 p. 52 (PNW skew invalid in region 0), p. 17 and p. 9 fig. 3 (region 0 defined); region polygons from StreamStats nss/regions layer 11 (Peak_Flow_Region_*_2016_5083)",Sunbeam Creek; 2% of area in region 0
170402061007,Snake River Plain,excluded,,"SIR 2016-5083 p. 52 (PNW skew invalid in region 0), p. 17 and p. 9 fig. 3 (region 0 defined); region polygons from StreamStats nss/regions layer 11 (Peak_Flow_Region_*_2016_5083)",Flat Top; 100% of area in region 0
170402061008,Snake River Plain,excluded,,"SIR 2016-5083 p. 52 (PNW skew invalid in region 0), p. 17 and p. 9 fig. 3 (region 0 defined); region polygons from StreamStats nss/regions layer 11 (Peak_Flow_Region_*_2016_5083)",Pleasant Valley; 100% of area in region 0
170402061009,Snake River Plain,excluded,,"SIR 2016-5083 p. 52 (PNW skew invalid in region 0), p. 17 and p. 9 fig. 3 (region 0 defined); region polygons from StreamStats nss/regions layer 11 (Peak_Flow_Region_*_2016_5083)",Spring Hollow-American Falls Reservoir; 100% of area in region 0
170402070501,Snake River Plain,boundary,,"SIR 2016-5083 p. 52 (PNW skew invalid in region 0), p. 17 and p. 9 fig. 3 (region 0 defined); region polygons from StreamStats nss/regions layer 11 (Peak_Flow_Region_*_2016_5083)",Black Canyon; 17% of area in region 0
170402070503,Snake River Plain,boundary,,"SIR 2016-5083 p. 52 (PNW skew invalid in region 0), p. 17 and p. 9 fig. 3 (region 0 defined); region polygons from StreamStats nss/regions layer 11 (Peak_Flow_Region_*_2016_5083)",Upper Sand Creek; 95% of area in region 0
170402070504,Snake River Plain,boundary,,"SIR 2016-5083 p. 52 (PNW skew invalid in region 0), p. 17 and p. 9 fig. 3 (region 0 defined); region polygons from StreamStats nss/regions layer 11 (Peak_Flow_Region_*_2016_5083)",Lower Sand Creek; 48% of area in region 0
170402070605,Snake River Plain,boundary,,"SIR 2016-5083 p. 52 (PNW skew invalid in region 0), p. 17 and p. 9 fig. 3 (region 0 defined); region polygons from StreamStats nss/regions layer 11 (Peak_Flow_Region_*_2016_5083)",Garden Creek-Blackfoot River; 18% of area in region 0
170402070607,Snake River Plain,boundary,,"SIR 2016-5083 p. 52 (PNW skew invalid in region 0), p. 17 and p. 9 fig. 3 (region 0 defined); region polygons from StreamStats nss/regions layer 11 (Peak_Flow_Region_*_2016_5083)",Lincoln Creek; 4% of area in region 0
170402070608,Snake River Plain,boundary,,"SIR 2016-5083 p. 52 (PNW skew invalid in region 0), p. 17 and p. 9 fig. 3 (region 0 defined); region polygons from StreamStats nss/regions layer 11 (Peak_Flow_Region_*_2016_5083)",Blackfoot River; 70% of area in region 0
170402080507,Snake River Plain,boundary,,"SIR 2016-5083 p. 52 (PNW skew invalid in region 0), p. 17 and p. 9 fig. 3 (region 0 defined); region polygons from StreamStats nss/regions layer 11 (Peak_Flow_Region_*_2016_5083)",Trail Creek-Portneuf River; 12% of area in region 0
170402080607,Snake River Plain,boundary,,"SIR 2016-5083 p. 52 (PNW skew invalid in region 0), p. 17 and p. 9 fig. 3 (region 0 defined); region polygons from StreamStats nss/regions layer 11 (Peak_Flow_Region_*_2016_5083)",Spring Creek; 73% of area in region 0
170402080608,Snake River Plain,boundary,,"SIR 2016-5083 p. 52 (PNW skew invalid in region 0), p. 17 and p. 9 fig. 3 (region 0 defined); region polygons from StreamStats nss/regions layer 11 (Peak_Flow_Region_*_2016_5083)",Little Pocatello Creek-American Falls Reservoir; 59% of area in region 0
170402090201,Snake River Plain,excluded,,"SIR 2016-5083 p. 52 (PNW skew invalid in region 0), p. 17 and p. 9 fig. 3 (region 0 defined); region polygons from StreamStats nss/regions layer 11 (Peak_Flow_Region_*_2016_5083)",Pillar Butte; 100% of area in region 0
170402090202,Snake River Plain,excluded,,"SIR 2016-5083 p. 52 (PNW skew invalid in region 0), p. 17 and p. 9 fig. 3 (region 0 defined); region polygons from StreamStats nss/regions layer 11 (Peak_Flow_Region_*_2016_5083)",Pleasant Valley; 100% of area in region 0
170402090203,Snake River Plain,excluded,,"SIR 2016-5083 p. 52 (PNW skew invalid in region 0), p. 17 and p. 9 fig. 3 (region 0 defined); region polygons from StreamStats nss/regions layer 11 (Peak_Flow_Region_*_2016_5083)",Winters Blowout; 100% of area in region 0
170402090204,Snake River Plain,excluded,,"SIR 2016-5083 p. 52 (PNW skew invalid in region 0), p. 17 and p. 9 fig. 3 (region 0 defined); region polygons from StreamStats nss/regions layer 11 (Peak_Flow_Region_*_2016_5083)",Lake Channel Canyon; 100% of area in region 0
170402090205,Snake River Plain,excluded,,"SIR 2016-5083 p. 52 (PNW skew invalid in region 0), p. 17 and p. 9 fig. 3 (region 0 defined); region polygons from StreamStats nss/regions layer 11 (Peak_Flow_Region_*_2016_5083)",Gifford Spring; 100% of area in region 0
170402090301,Snake River Plain,boundary,,"SIR 2016-5083 p. 52 (PNW skew invalid in region 0), p. 17 and p. 9 fig. 3 (region 0 defined); region polygons from StreamStats nss/regions layer 11 (Peak_Flow_Region_*_2016_5083)",Ferry Hollow-Snake River; 59% of area in region 0
170402090303,Snake River Plain,boundary,,"SIR 2016-5083 p. 52 (PNW skew invalid in region 0), p. 17 and p. 9 fig. 3 (region 0 defined); region polygons from StreamStats nss/regions layer 11 (Peak_Flow_Region_*_2016_5083)",Little Creek-Snake River; 82% of area in region 0
170402090305,Snake River Plain,boundary,,"SIR 2016-5083 p. 52 (PNW skew invalid in region 0), p. 17 and p. 9 fig. 3 (region 0 defined); region polygons from StreamStats nss/regions layer 11 (Peak_Flow_Region_*_2016_5083)",Fall Creek-Snake River; 31% of area in region 0
170402090401,Snake River Plain,excluded,,"SIR 2016-5083 p. 52 (PNW skew invalid in region 0), p. 17 and p. 9 fig. 3 (region 0 defined); region polygons from StreamStats nss/regions layer 11 (Peak_Flow_Region_*_2016_5083)",Town of Cotterel; 99% of area in region 0
170402090402,Snake River Plain,excluded,,"SIR 2016-5083 p. 52 (PNW skew invalid in region 0), p. 17 and p. 9 fig. 3 (region 0 defined); region polygons from StreamStats nss/regions layer 11 (Peak_Flow_Region_*_2016_5083)",Brigham Point; 100% of area in region 0
170402090403,Snake River Plain,excluded,,"SIR 2016-5083 p. 52 (PNW skew invalid in region 0), p. 17 and p. 9 fig. 3 (region 0 defined); region polygons from StreamStats nss/regions layer 11 (Peak_Flow_Region_*_2016_5083)",Smith Springs-Snake River; 100% of area in region 0
170402090404,Snake River Plain,excluded,,"SIR 2016-5083 p. 52 (PNW skew invalid in region 0), p. 17 and p. 9 fig. 3 (region 0 defined); region polygons from StreamStats nss/regions layer 11 (Peak_Flow_Region_*_2016_5083)",Town of Hawley; 100% of area in region 0
170402090405,Snake River Plain,excluded,,"SIR 2016-5083 p. 52 (PNW skew invalid in region 0), p. 17 and p. 9 fig. 3 (region 0 defined); region polygons from StreamStats nss/regions layer 11 (Peak_Flow_Region_*_2016_5083)",Point Well; 100% of area in region 0
170402090406,Snake River Plain,excluded,,"SIR 2016-5083 p. 52 (PNW skew invalid in region 0), p. 17 and p. 9 fig. 3 (region 0 defined); region polygons from StreamStats nss/regions layer 11 (Peak_Flow_Region_*_2016_5083)",Lake Walcott-Snake River; 100% of area in region 0
170402090501,Snake River Plain,excluded,,"SIR 2016-5083 p. 52 (PNW skew invalid in region 0), p. 17 and p. 9 fig. 3 (region 0 defined); region polygons from StreamStats nss/regions layer 11 (Peak_Flow_Region_*_2016_5083)",Brockie Lake; 100% of area in region 0
170402090502,Snake River Plain,excluded,,"SIR 2016-5083 p. 52 (PNW skew invalid in region 0), p. 17 and p. 9 fig. 3 (region 0 defined); region polygons from StreamStats nss/regions layer 11 (Peak_Flow_Region_*_2016_5083)",Green Lake; 100% of area in region 0
170402090503,Snake River Plain,excluded,,"SIR 2016-5083 p. 52 (PNW skew invalid in region 0), p. 17 and p. 9 fig. 3 (region 0 defined); region polygons from StreamStats nss/regions layer 11 (Peak_Flow_Region_*_2016_5083)",German Lake; 100% of area in region 0
170402090504,Snake River Plain,excluded,,"SIR 2016-5083 p. 52 (PNW skew invalid in region 0), p. 17 and p. 9 fig. 3 (region 0 defined); region polygons from StreamStats nss/regions layer 11 (Peak_Flow_Region_*_2016_5083)",Town of Minidoka; 100% of area in region 0
170402090505,Snake River Plain,excluded,,"SIR 2016-5083 p. 52 (PNW skew invalid in region 0), p. 17 and p. 9 fig. 3 (region 0 defined); region polygons from StreamStats nss/regions layer 11 (Peak_Flow_Region_*_2016_5083)",170402090505; 100% of area in region 0
170402090700,Snake River Plain,excluded,,"SIR 2016-5083 p. 52 (PNW skew invalid in region 0), p. 17 and p. 9 fig. 3 (region 0 defined); region polygons from StreamStats nss/regions layer 11 (Peak_Flow_Region_*_2016_5083)",Rattlesnake Butte; 100% of area in region 0
170402090801,Snake River Plain,excluded,,"SIR 2016-5083 p. 52 (PNW skew invalid in region 0), p. 17 and p. 9 fig. 3 (region 0 defined); region polygons from StreamStats nss/regions layer 11 (Peak_Flow_Region_*_2016_5083)",Bear Park; 100% of area in region 0
170402090802,Snake River Plain,excluded,,"SIR 2016-5083 p. 52 (PNW skew invalid in region 0), p. 17 and p. 9 fig. 3 (region 0 defined); region polygons from StreamStats nss/regions layer 11 (Peak_Flow_Region_*_2016_5083)",Purple Butte; 100% of area in region 0
170402090803,Snake River Plain,excluded,,"SIR 2016-5083 p. 52 (PNW skew invalid in region 0), p. 17 and p. 9 fig. 3 (region 0 defined); region polygons from StreamStats nss/regions layer 11 (Peak_Flow_Region_*_2016_5083)",Two Point Butte; 100% of area in region 0
170402090804,Snake River Plain,excluded,,"SIR 2016-5083 p. 52 (PNW skew invalid in region 0), p. 17 and p. 9 fig. 3 (region 0 defined); region polygons from StreamStats nss/regions layer 11 (Peak_Flow_Region_*_2016_5083)",Little Laidlaw Park; 100% of area in region 0
170402090805,Snake River Plain,excluded,,"SIR 2016-5083 p. 52 (PNW skew invalid in region 0), p. 17 and p. 9 fig. 3 (region 0 defined); region polygons from StreamStats nss/regions layer 11 (Peak_Flow_Region_*_2016_5083)",Bowl Reservoir; 100% of area in region 0
170402090806,Snake River Plain,excluded,,"SIR 2016-5083 p. 52 (PNW skew invalid in region 0), p. 17 and p. 9 fig. 3 (region 0 defined); region polygons from StreamStats nss/regions layer 11 (Peak_Flow_Region_*_2016_5083)",Hidden Lake; 100% of area in region 0
170402090807,Snake River Plain,excluded,,"SIR 2016-5083 p. 52 (PNW skew invalid in region 0), p. 17 and p. 9 fig. 3 (region 0 defined); region polygons from StreamStats nss/regions layer 11 (Peak_Flow_Region_*_2016_5083)",Lava Point; 100% of area in region 0
170402090808,Snake River Plain,excluded,,"SIR 2016-5083 p. 52 (PNW skew invalid in region 0), p. 17 and p. 9 fig. 3 (region 0 defined); region polygons from StreamStats nss/regions layer 11 (Peak_Flow_Region_*_2016_5083)",Lower Thumb Reservoir; 100% of area in region 0
170402090900,Snake River Plain,excluded,,"SIR 2016-5083 p. 52 (PNW skew invalid in region 0), p. 17 and p. 9 fig. 3 (region 0 defined); region polygons from StreamStats nss/regions layer 11 (Peak_Flow_Region_*_2016_5083)",Crater Lake; 100% of area in region 0
170402091001,Snake River Plain,boundary,,"SIR 2016-5083 p. 52 (PNW skew invalid in region 0), p. 17 and p. 9 fig. 3 (region 0 defined); region polygons from StreamStats nss/regions layer 11 (Peak_Flow_Region_*_2016_5083)",Copper Creek; 16% of area in region 0
170402091002,Snake River Plain,boundary,,"SIR 2016-5083 p. 52 (PNW skew invalid in region 0), p. 17 and p. 9 fig. 3 (region 0 defined); region polygons from StreamStats nss/regions layer 11 (Peak_Flow_Region_*_2016_5083)",Cottonwood Creek; 61% of area in region 0
170402091003,Snake River Plain,excluded,,"SIR 2016-5083 p. 52 (PNW skew invalid in region 0), p. 17 and p. 9 fig. 3 (region 0 defined); region polygons from StreamStats nss/regions layer 11 (Peak_Flow_Region_*_2016_5083)",Paddelford Flat; 100% of area in region 0
170402091004,Snake River Plain,excluded,,"SIR 2016-5083 p. 52 (PNW skew invalid in region 0), p. 17 and p. 9 fig. 3 (region 0 defined); region polygons from StreamStats nss/regions layer 11 (Peak_Flow_Region_*_2016_5083)",Little Park; 100% of area in region 0
170402091005,Snake River Plain,excluded,,"SIR 2016-5083 p. 52 (PNW skew invalid in region 0), p. 17 and p. 9 fig. 3 (region 0 defined); region polygons from StreamStats nss/regions layer 11 (Peak_Flow_Region_*_2016_5083)",Mac Rae Lake; 100% of area in region 0
170402091101,Snake River Plain,excluded,,"SIR 2016-5083 p. 52 (PNW skew invalid in region 0), p. 17 and p. 9 fig. 3 (region 0 defined); region polygons from StreamStats nss/regions layer 11 (Peak_Flow_Region_*_2016_5083)",Monument Reservoir; 100% of area in region 0
170402091102,Snake River Plain,excluded,,"SIR 2016-5083 p. 52 (PNW skew invalid in region 0), p. 17 and p. 9 fig. 3 (region 0 defined); region polygons from StreamStats nss/regions layer 11 (Peak_Flow_Region_*_2016_5083)",Hansen Lake; 100% of area in region 0
170402091103,Snake River Plain,excluded,,"SIR 2016-5083 p. 52 (PNW skew invalid in region 0), p. 17 and p. 9 fig. 3 (region 0 defined); region polygons from StreamStats nss/regions layer 11 (Peak_Flow_Region_*_2016_5083)",Kimama Marsh Reservoir; 100% of area in region 0
170402091104,Snake River Plain,excluded,,"SIR 2016-5083 p. 52 (PNW skew invalid in region 0), p. 17 and p. 9 fig. 3 (region 0 defined); region polygons from StreamStats nss/regions layer 11 (Peak_Flow_Region_*_2016_5083)",Town of Kimama; 100% of area in region 0
170402091105,Snake River Plain,excluded,,"SIR 2016-5083 p. 52 (PNW skew invalid in region 0), p. 17 and p. 9 fig. 3 (region 0 defined); region polygons from StreamStats nss/regions layer 11 (Peak_Flow_Region_*_2016_5083)",Sid Reservoir; 100% of area in region 0
170402091106,Snake River Plain,excluded,,"SIR 2016-5083 p. 52 (PNW skew invalid in region 0), p. 17 and p. 9 fig. 3 (region 0 defined); region polygons from StreamStats nss/regions layer 11 (Peak_Flow_Region_*_2016_5083)",North Center Lake; 100% of area in region 0
170402091201,Snake River Plain,excluded,,"SIR 2016-5083 p. 52 (PNW skew invalid in region 0), p. 17 and p. 9 fig. 3 (region 0 defined); region polygons from StreamStats nss/regions layer 11 (Peak_Flow_Region_*_2016_5083)",The Crater; 100% of area in region 0
170402091202,Snake River Plain,excluded,,"SIR 2016-5083 p. 52 (PNW skew invalid in region 0), p. 17 and p. 9 fig. 3 (region 0 defined); region polygons from StreamStats nss/regions layer 11 (Peak_Flow_Region_*_2016_5083)",Town of Acequia; 100% of area in region 0
170402091203,Snake River Plain,excluded,,"SIR 2016-5083 p. 52 (PNW skew invalid in region 0), p. 17 and p. 9 fig. 3 (region 0 defined); region polygons from StreamStats nss/regions layer 11 (Peak_Flow_Region_*_2016_5083)",Town of Norland; 100% of area in region 0
170402091204,Snake River Plain,excluded,,"SIR 2016-5083 p. 52 (PNW skew invalid in region 0), p. 17 and p. 9 fig. 3 (region 0 defined); region polygons from StreamStats nss/regions layer 11 (Peak_Flow_Region_*_2016_5083)",Kimama Butte; 100% of area in region 0
170402091205,Snake River Plain,excluded,,"SIR 2016-5083 p. 52 (PNW skew invalid in region 0), p. 17 and p. 9 fig. 3 (region 0 defined); region polygons from StreamStats nss/regions layer 11 (Peak_Flow_Region_*_2016_5083)",Camp Holly Lake; 100% of area in region 0
170402091206,Snake River Plain,excluded,,"SIR 2016-5083 p. 52 (PNW skew invalid in region 0), p. 17 and p. 9 fig. 3 (region 0 defined); region polygons from StreamStats nss/regions layer 11 (Peak_Flow_Region_*_2016_5083)",Town of Hynes; 100% of area in region 0
170402091207,Snake River Plain,excluded,,"SIR 2016-5083 p. 52 (PNW skew invalid in region 0), p. 17 and p. 9 fig. 3 (region 0 defined); region polygons from StreamStats nss/regions layer 11 (Peak_Flow_Region_*_2016_5083)",Town of Rupert; 100% of area in region 0
170402091208,Snake River Plain,excluded,,"SIR 2016-5083 p. 52 (PNW skew invalid in region 0), p. 17 and p. 9 fig. 3 (region 0 defined); region polygons from StreamStats nss/regions layer 11 (Peak_Flow_Region_*_2016_5083)",Town of Budge; 100% of area in region 0
170402091301,Snake River Plain,excluded,,"SIR 2016-5083 p. 52 (PNW skew invalid in region 0), p. 17 and p. 9 fig. 3 (region 0 defined); region polygons from StreamStats nss/regions layer 11 (Peak_Flow_Region_*_2016_5083)",Minidoka Dam-Snake River; 100% of area in region 0
170402091302,Snake River Plain,excluded,,"SIR 2016-5083 p. 52 (PNW skew invalid in region 0), p. 17 and p. 9 fig. 3 (region 0 defined); region polygons from StreamStats nss/regions layer 11 (Peak_Flow_Region_*_2016_5083)",Town of Jackson-Snake River; 100% of area in region 0
170402091304,Snake River Plain,excluded,,"SIR 2016-5083 p. 52 (PNW skew invalid in region 0), p. 17 and p. 9 fig. 3 (region 0 defined); region polygons from StreamStats nss/regions layer 11 (Peak_Flow_Region_*_2016_5083)",Parees Island-Snake River; 98% of area in region 0
170402091306,Snake River Plain,boundary,,"SIR 2016-5083 p. 52 (PNW skew invalid in region 0), p. 17 and p. 9 fig. 3 (region 0 defined); region polygons from StreamStats nss/regions layer 11 (Peak_Flow_Region_*_2016_5083)",City of Burley-Snake River; 26% of area in region 0
170402091307,Snake River Plain,boundary,,"SIR 2016-5083 p. 52 (PNW skew invalid in region 0), p. 17 and p. 9 fig. 3 (region 0 defined); region polygons from StreamStats nss/regions layer 11 (Peak_Flow_Region_*_2016_5083)",Town of Starrhs Ferry-Snake River; 25% of area in region 0
170402100905,Snake River Plain,boundary,,"SIR 2016-5083 p. 52 (PNW skew invalid in region 0), p. 17 and p. 9 fig. 3 (region 0 defined); region polygons from StreamStats nss/regions layer 11 (Peak_Flow_Region_*_2016_5083)",Horse Butte-Raft River; 4% of area in region 0
170402120101,Snake River Plain,excluded,,"SIR 2016-5083 p. 52 (PNW skew invalid in region 0), p. 17 and p. 9 fig. 3 (region 0 defined); region polygons from StreamStats nss/regions layer 11 (Peak_Flow_Region_*_2016_5083)",Star Lake; 100% of area in region 0
170402120102,Snake River Plain,excluded,,"SIR 2016-5083 p. 52 (PNW skew invalid in region 0), p. 17 and p. 9 fig. 3 (region 0 defined); region polygons from StreamStats nss/regions layer 11 (Peak_Flow_Region_*_2016_5083)",26 Mile Lake; 100% of area in region 0
170402120103,Snake River Plain,excluded,,"SIR 2016-5083 p. 52 (PNW skew invalid in region 0), p. 17 and p. 9 fig. 3 (region 0 defined); region polygons from StreamStats nss/regions layer 11 (Peak_Flow_Region_*_2016_5083)",Russian Lake; 100% of area in region 0
170402120104,Snake River Plain,excluded,,"SIR 2016-5083 p. 52 (PNW skew invalid in region 0), p. 17 and p. 9 fig. 3 (region 0 defined); region polygons from StreamStats nss/regions layer 11 (Peak_Flow_Region_*_2016_5083)",170402120104; 100% of area in region 0
170402120105,Snake River Plain,excluded,,"SIR 2016-5083 p. 52 (PNW skew invalid in region 0), p. 17 and p. 9 fig. 3 (region 0 defined); region polygons from StreamStats nss/regions layer 11 (Peak_Flow_Region_*_2016_5083)",170402120105; 100% of area in region 0
170402120106,Snake River Plain,excluded,,"SIR 2016-5083 p. 52 (PNW skew invalid in region 0), p. 17 and p. 9 fig. 3 (region 0 defined); region polygons from StreamStats nss/regions layer 11 (Peak_Flow_Region_*_2016_5083)",Goose Lake; 100% of area in region 0
170402120107,Snake River Plain,excluded,,"SIR 2016-5083 p. 52 (PNW skew invalid in region 0), p. 17 and p. 9 fig. 3 (region 0 defined); region polygons from StreamStats nss/regions layer 11 (Peak_Flow_Region_*_2016_5083)",Wilson Lake Reservoir; 100% of area in region 0
170402120108,Snake River Plain,excluded,,"SIR 2016-5083 p. 52 (PNW skew invalid in region 0), p. 17 and p. 9 fig. 3 (region 0 defined); region polygons from StreamStats nss/regions layer 11 (Peak_Flow_Region_*_2016_5083)",Town of McHenry; 100% of area in region 0
170402120401,Snake River Plain,boundary,,"SIR 2016-5083 p. 52 (PNW skew invalid in region 0), p. 17 and p. 9 fig. 3 (region 0 defined); region polygons from StreamStats nss/regions layer 11 (Peak_Flow_Region_*_2016_5083)",Town of Milner-Snake River; 37% of area in region 0
170402120402,Snake River Plain,boundary,,"SIR 2016-5083 p. 52 (PNW skew invalid in region 0), p. 17 and p. 9 fig. 3 (region 0 defined); region polygons from StreamStats nss/regions layer 11 (Peak_Flow_Region_*_2016_5083)",Hazelton Butte-Snake River; 74% of area in region 0
170402120403,Snake River Plain,boundary,,"SIR 2016-5083 p. 52 (PNW skew invalid in region 0), p. 17 and p. 9 fig. 3 (region 0 defined); region polygons from StreamStats nss/regions layer 11 (Peak_Flow_Region_*_2016_5083)",Town of Hansen-Snake River; 13% of area in region 0
170402120501,Snake River Plain,excluded,,"SIR 2016-5083 p. 52 (PNW skew invalid in region 0), p. 17 and p. 9 fig. 3 (region 0 defined); region polygons from StreamStats nss/regions layer 11 (Peak_Flow_Region_*_2016_5083)",Camp Two Lake; 100% of area in region 0
170402120502,Snake River Plain,boundary,,"SIR 2016-5083 p. 52 (PNW skew invalid in region 0), p. 17 and p. 9 fig. 3 (region 0 defined); region polygons from StreamStats nss/regions layer 11 (Peak_Flow_Region_*_2016_5083)",City of Twin Falls-Snake River; 12% of area in region 0
170402120503,Snake River Plain,excluded,,"SIR 2016-5083 p. 52 (PNW skew invalid in region 0), p. 17 and p. 9 fig. 3 (region 0 defined); region polygons from StreamStats nss/regions layer 11 (Peak_Flow_Region_*_2016_5083)",Town of Falls City-Snake River; 99% of area in region 0
170402120704,Snake River Plain,boundary,,"SIR 2016-5083 p. 52 (PNW skew invalid in region 0), p. 17 and p. 9 fig. 3 (region 0 defined); region polygons from StreamStats nss/regions layer 11 (Peak_Flow_Region_*_2016_5083)",Sucker Flat-Snake River; 44% of area in region 0
170402121001,Snake River Plain,excluded,,"SIR 2016-5083 p. 52 (PNW skew invalid in region 0), p. 17 and p. 9 fig. 3 (region 0 defined); region polygons from StreamStats nss/regions layer 11 (Peak_Flow_Region_*_2016_5083)",Flat Top Butte; 100% of area in region 0
170402121002,Snake River Plain,excluded,,"SIR 2016-5083 p. 52 (PNW skew invalid in region 0), p. 17 and p. 9 fig. 3 (region 0 defined); region polygons from StreamStats nss/regions layer 11 (Peak_Flow_Region_*_2016_5083)",170402121002; 100% of area in region 0
170402121003,Snake River Plain,excluded,,"SIR 2016-5083 p. 52 (PNW skew invalid in region 0), p. 17 and p. 9 fig. 3 (region 0 defined); region polygons from StreamStats nss/regions layer 11 (Peak_Flow_Region_*_2016_5083)",City of Jerome; 100% of area in region 0
170402121004,Snake River Plain,excluded,,"SIR 2016-5083 p. 52 (PNW skew invalid in region 0), p. 17 and p. 9 fig. 3 (region 0 defined); region polygons from StreamStats nss/regions layer 11 (Peak_Flow_Region_*_2016_5083)",Box Canyon; 100% of area in region 0
170402121006,Snake River Plain,boundary,,"SIR 2016-5083 p. 52 (PNW skew invalid in region 0), p. 17 and p. 9 fig. 3 (region 0 defined); region polygons from StreamStats nss/regions layer 11 (Peak_Flow_Region_*_2016_5083)",Briggs Creek-Snake River; 52% of area in region 0
170402121101,Snake River Plain,excluded,,"SIR 2016-5083 p. 52 (PNW skew invalid in region 0), p. 17 and p. 9 fig. 3 (region 0 defined); region polygons from StreamStats nss/regions layer 11 (Peak_Flow_Region_*_2016_5083)",Sand Springs Creek; 100% of area in region 0
170402121102,Snake River Plain,excluded,,"SIR 2016-5083 p. 52 (PNW skew invalid in region 0), p. 17 and p. 9 fig. 3 (region 0 defined); region polygons from StreamStats nss/regions layer 11 (Peak_Flow_Region_*_2016_5083)",170402121102; 99% of area in region 0
170402121104,Snake River Plain,excluded,,"SIR 2016-5083 p. 52 (PNW skew invalid in region 0), p. 17 and p. 9 fig. 3 (region 0 defined); region polygons from StreamStats nss/regions layer 11 (Peak_Flow_Region_*_2016_5083)",Billingsley Creek; 100% of area in region 0
170402121105,Snake River Plain,boundary,,"SIR 2016-5083 p. 52 (PNW skew invalid in region 0), p. 17 and p. 9 fig. 3 (region 0 defined); region polygons from StreamStats nss/regions layer 11 (Peak_Flow_Region_*_2016_5083)",Peters Gulch-Snake River; 46% of area in region 0
170402121303,Snake River Plain,boundary,,"SIR 2016-5083 p. 52 (PNW skew invalid in region 0), p. 17 and p. 9 fig. 3 (region 0 defined); region polygons from StreamStats nss/regions layer 11 (Peak_Flow_Region_*_2016_5083)",Birch Creek-Snake River; 12% of area in region 0
170402140501,Snake River Plain,excluded,,"SIR 2016-5083 p. 52 (PNW skew invalid in region 0), p. 17 and p. 9 fig. 3 (region 0 defined); region polygons from StreamStats nss/regions layer 11 (Peak_Flow_Region_*_2016_5083)",Big Grassy Butte; 100% of area in region 0
170402140502,Snake River Plain,excluded,,"SIR 2016-5083 p. 52 (PNW skew invalid in region 0), p. 17 and p. 9 fig. 3 (region 0 defined); region polygons from StreamStats nss/regions layer 11 (Peak_Flow_Region_*_2016_5083)",Ninemile Knoll; 100% of area in region 0
170402140503,Snake River Plain,excluded,,"SIR 2016-5083 p. 52 (PNW skew invalid in region 0), p. 17 and p. 9 fig. 3 (region 0 defined); region polygons from StreamStats nss/regions layer 11 (Peak_Flow_Region_*_2016_5083)",Hamer Ditch; 100% of area in region 0
170402140605,Snake River Plain,boundary,,"SIR 2016-5083 p. 52 (PNW skew invalid in region 0), p. 17 and p. 9 fig. 3 (region 0 defined); region polygons from StreamStats nss/regions layer 11 (Peak_Flow_Region_*_2016_5083)",Lower Camas Creek; 3% of area in region 0
170402140606,Snake River Plain,boundary,,"SIR 2016-5083 p. 52 (PNW skew invalid in region 0), p. 17 and p. 9 fig. 3 (region 0 defined); region polygons from StreamStats nss/regions layer 11 (Peak_Flow_Region_*_2016_5083)",170402140606; 36% of area in region 0
170402140607,Snake River Plain,excluded,,"SIR 2016-5083 p. 52 (PNW skew invalid in region 0), p. 17 and p. 9 fig. 3 (region 0 defined); region polygons from StreamStats nss/regions layer 11 (Peak_Flow_Region_*_2016_5083)",170402140607; 98% of area in region 0
170402140608,Snake River Plain,excluded,,"SIR 2016-5083 p. 52 (PNW skew invalid in region 0), p. 17 and p. 9 fig. 3 (region 0 defined); region polygons from StreamStats nss/regions layer 11 (Peak_Flow_Region_*_2016_5083)",Warm Creek; 100% of area in region 0
170402140609,Snake River Plain,excluded,,"SIR 2016-5083 p. 52 (PNW skew invalid in region 0), p. 17 and p. 9 fig. 3 (region 0 defined); region polygons from StreamStats nss/regions layer 11 (Peak_Flow_Region_*_2016_5083)",Outlet Camas Creek; 100% of area in region 0
170402140701,Snake River Plain,excluded,,"SIR 2016-5083 p. 52 (PNW skew invalid in region 0), p. 17 and p. 9 fig. 3 (region 0 defined); region polygons from StreamStats nss/regions layer 11 (Peak_Flow_Region_*_2016_5083)",Second Owsley Canal; 100% of area in region 0
170402140702,Snake River Plain,excluded,,"SIR 2016-5083 p. 52 (PNW skew invalid in region 0), p. 17 and p. 9 fig. 3 (region 0 defined); region polygons from StreamStats nss/regions layer 11 (Peak_Flow_Region_*_2016_5083)",North Lake; 100% of area in region 0
170402140703,Snake River Plain,excluded,,"SIR 2016-5083 p. 52 (PNW skew invalid in region 0), p. 17 and p. 9 fig. 3 (region 0 defined); region polygons from StreamStats nss/regions layer 11 (Peak_Flow_Region_*_2016_5083)",Holly Canal; 100% of area in region 0
170402140704,Snake River Plain,excluded,,"SIR 2016-5083 p. 52 (PNW skew invalid in region 0), p. 17 and p. 9 fig. 3 (region 0 defined); region polygons from StreamStats nss/regions layer 11 (Peak_Flow_Region_*_2016_5083)",Mud Lake; 100% of area in region 0
170402150206,Snake River Plain,boundary,,"SIR 2016-5083 p. 52 (PNW skew invalid in region 0), p. 17 and p. 9 fig. 3 (region 0 defined); region polygons from StreamStats nss/regions layer 11 (Peak_Flow_Region_*_2016_5083)",Town of Small-Medicine Lodge Creek; 79% of area in region 0
170402150302,Snake River Plain,boundary,,"SIR 2016-5083 p. 52 (PNW skew invalid in region 0), p. 17 and p. 9 fig. 3 (region 0 defined); region polygons from StreamStats nss/regions layer 11 (Peak_Flow_Region_*_2016_5083)",Warm Springs Creek; 16% of area in region 0
170402150303,Snake River Plain,boundary,,"SIR 2016-5083 p. 52 (PNW skew invalid in region 0), p. 17 and p. 9 fig. 3 (region 0 defined); region polygons from StreamStats nss/regions layer 11 (Peak_Flow_Region_*_2016_5083)",Outlet Deep Creek ; 34% of area in region 0
170402150304,Snake River Plain,boundary,,"SIR 2016-5083 p. 52 (PNW skew invalid in region 0), p. 17 and p. 9 fig. 3 (region 0 defined); region polygons from StreamStats nss/regions layer 11 (Peak_Flow_Region_*_2016_5083)",Blue Creek; 41% of area in region 0
170402150403,Snake River Plain,boundary,,"SIR 2016-5083 p. 52 (PNW skew invalid in region 0), p. 17 and p. 9 fig. 3 (region 0 defined); region polygons from StreamStats nss/regions layer 11 (Peak_Flow_Region_*_2016_5083)",Lower Crooked Creek; 6% of area in region 0
170402150404,Snake River Plain,excluded,,"SIR 2016-5083 p. 52 (PNW skew invalid in region 0), p. 17 and p. 9 fig. 3 (region 0 defined); region polygons from StreamStats nss/regions layer 11 (Peak_Flow_Region_*_2016_5083)",170402150404; 97% of area in region 0
170402150405,Snake River Plain,boundary,,"SIR 2016-5083 p. 52 (PNW skew invalid in region 0), p. 17 and p. 9 fig. 3 (region 0 defined); region polygons from StreamStats nss/regions layer 11 (Peak_Flow_Region_*_2016_5083)",Chandler Canyon; 15% of area in region 0
170402150406,Snake River Plain,boundary,,"SIR 2016-5083 p. 52 (PNW skew invalid in region 0), p. 17 and p. 9 fig. 3 (region 0 defined); region polygons from StreamStats nss/regions layer 11 (Peak_Flow_Region_*_2016_5083)",Snaky Canyon; 53% of area in region 0
170402150407,Snake River Plain,boundary,,"SIR 2016-5083 p. 52 (PNW skew invalid in region 0), p. 17 and p. 9 fig. 3 (region 0 defined); region polygons from StreamStats nss/regions layer 11 (Peak_Flow_Region_*_2016_5083)",Reno Gulch; 73% of area in region 0
170402150408,Snake River Plain,boundary,,"SIR 2016-5083 p. 52 (PNW skew invalid in region 0), p. 17 and p. 9 fig. 3 (region 0 defined); region polygons from StreamStats nss/regions layer 11 (Peak_Flow_Region_*_2016_5083)",170402150408; 95% of area in region 0
170402150501,Snake River Plain,boundary,,"SIR 2016-5083 p. 52 (PNW skew invalid in region 0), p. 17 and p. 9 fig. 3 (region 0 defined); region polygons from StreamStats nss/regions layer 11 (Peak_Flow_Region_*_2016_5083)",Bare Canyon; 24% of area in region 0
170402150502,Snake River Plain,boundary,,"SIR 2016-5083 p. 52 (PNW skew invalid in region 0), p. 17 and p. 9 fig. 3 (region 0 defined); region polygons from StreamStats nss/regions layer 11 (Peak_Flow_Region_*_2016_5083)",Richard Butte; 92% of area in region 0
170402150503,Snake River Plain,excluded,,"SIR 2016-5083 p. 52 (PNW skew invalid in region 0), p. 17 and p. 9 fig. 3 (region 0 defined); region polygons from StreamStats nss/regions layer 11 (Peak_Flow_Region_*_2016_5083)",170402150503; 100% of area in region 0
170402150504,Snake River Plain,excluded,,"SIR 2016-5083 p. 52 (PNW skew invalid in region 0), p. 17 and p. 9 fig. 3 (region 0 defined); region polygons from StreamStats nss/regions layer 11 (Peak_Flow_Region_*_2016_5083)",Rock Lakes; 100% of area in region 0
170402150505,Snake River Plain,excluded,,"SIR 2016-5083 p. 52 (PNW skew invalid in region 0), p. 17 and p. 9 fig. 3 (region 0 defined); region polygons from StreamStats nss/regions layer 11 (Peak_Flow_Region_*_2016_5083)",Johnston Lake; 100% of area in region 0
170402150601,Snake River Plain,excluded,,"SIR 2016-5083 p. 52 (PNW skew invalid in region 0), p. 17 and p. 9 fig. 3 (region 0 defined); region polygons from StreamStats nss/regions layer 11 (Peak_Flow_Region_*_2016_5083)",Town of Argonne West; 100% of area in region 0
170402150602,Snake River Plain,excluded,,"SIR 2016-5083 p. 52 (PNW skew invalid in region 0), p. 17 and p. 9 fig. 3 (region 0 defined); region polygons from StreamStats nss/regions layer 11 (Peak_Flow_Region_*_2016_5083)",170402150602; 100% of area in region 0
170402150603,Snake River Plain,excluded,,"SIR 2016-5083 p. 52 (PNW skew invalid in region 0), p. 17 and p. 9 fig. 3 (region 0 defined); region polygons from StreamStats nss/regions layer 11 (Peak_Flow_Region_*_2016_5083)",Circular Butte; 100% of area in region 0
170402150604,Snake River Plain,excluded,,"SIR 2016-5083 p. 52 (PNW skew invalid in region 0), p. 17 and p. 9 fig. 3 (region 0 defined); region polygons from StreamStats nss/regions layer 11 (Peak_Flow_Region_*_2016_5083)",Taylor Well; 100% of area in region 0
170402150605,Snake River Plain,excluded,,"SIR 2016-5083 p. 52 (PNW skew invalid in region 0), p. 17 and p. 9 fig. 3 (region 0 defined); region polygons from StreamStats nss/regions layer 11 (Peak_Flow_Region_*_2016_5083)",Tractor Flat; 100% of area in region 0
170402150606,Snake River Plain,excluded,,"SIR 2016-5083 p. 52 (PNW skew invalid in region 0), p. 17 and p. 9 fig. 3 (region 0 defined); region polygons from StreamStats nss/regions layer 11 (Peak_Flow_Region_*_2016_5083)",170402150606; 100% of area in region 0
170402160301,Snake River Plain,boundary,,"SIR 2016-5083 p. 52 (PNW skew invalid in region 0), p. 17 and p. 9 fig. 3 (region 0 defined); region polygons from StreamStats nss/regions layer 11 (Peak_Flow_Region_*_2016_5083)",Tyler Canyon; 65% of area in region 0
170402160302,Snake River Plain,boundary,,"SIR 2016-5083 p. 52 (PNW skew invalid in region 0), p. 17 and p. 9 fig. 3 (region 0 defined); region polygons from StreamStats nss/regions layer 11 (Peak_Flow_Region_*_2016_5083)",Windfall Canyon-Birch Creek; 48% of area in region 0
170402160303,Snake River Plain,boundary,,"SIR 2016-5083 p. 52 (PNW skew invalid in region 0), p. 17 and p. 9 fig. 3 (region 0 defined); region polygons from StreamStats nss/regions layer 11 (Peak_Flow_Region_*_2016_5083)",Cedar Canyon; 60% of area in region 0
170402160304,Snake River Plain,boundary,,"SIR 2016-5083 p. 52 (PNW skew invalid in region 0), p. 17 and p. 9 fig. 3 (region 0 defined); region polygons from StreamStats nss/regions layer 11 (Peak_Flow_Region_*_2016_5083)",Bartel Canyon-Birch Creek; 90% of area in region 0
170402160305,Snake River Plain,boundary,,"SIR 2016-5083 p. 52 (PNW skew invalid in region 0), p. 17 and p. 9 fig. 3 (region 0 defined); region polygons from StreamStats nss/regions layer 11 (Peak_Flow_Region_*_2016_5083)",Antelope Butte; 90% of area in region 0
170402170703,Snake River Plain,boundary,,"SIR 2016-5083 p. 52 (PNW skew invalid in region 0), p. 17 and p. 9 fig. 3 (region 0 defined); region polygons from StreamStats nss/regions layer 11 (Peak_Flow_Region_*_2016_5083)",South Creek; 55% of area in region 0
170402170704,Snake River Plain,boundary,,"SIR 2016-5083 p. 52 (PNW skew invalid in region 0), p. 17 and p. 9 fig. 3 (region 0 defined); region polygons from StreamStats nss/regions layer 11 (Peak_Flow_Region_*_2016_5083)",Warm Spring Creek-Little Lost River; 17% of area in region 0
170402170705,Snake River Plain,boundary,,"SIR 2016-5083 p. 52 (PNW skew invalid in region 0), p. 17 and p. 9 fig. 3 (region 0 defined); region polygons from StreamStats nss/regions layer 11 (Peak_Flow_Region_*_2016_5083)",Little Lost River Sinks; 57% of area in region 0
170402180801,Snake River Plain,boundary,,"SIR 2016-5083 p. 52 (PNW skew invalid in region 0), p. 17 and p. 9 fig. 3 (region 0 defined); region polygons from StreamStats nss/regions layer 11 (Peak_Flow_Region_*_2016_5083)",Timbered Dome Creek; 27% of area in region 0
170402180802,Snake River Plain,boundary,,"SIR 2016-5083 p. 52 (PNW skew invalid in region 0), p. 17 and p. 9 fig. 3 (region 0 defined); region polygons from StreamStats nss/regions layer 11 (Peak_Flow_Region_*_2016_5083)",Combe Canyon; 32% of area in region 0
170402180803,Snake River Plain,boundary,,"SIR 2016-5083 p. 52 (PNW skew invalid in region 0), p. 17 and p. 9 fig. 3 (region 0 defined); region polygons from StreamStats nss/regions layer 11 (Peak_Flow_Region_*_2016_5083)",Rocky Canyon-Big Lost River; 73% of area in region 0
170402180804,Snake River Plain,boundary,,"SIR 2016-5083 p. 52 (PNW skew invalid in region 0), p. 17 and p. 9 fig. 3 (region 0 defined); region polygons from StreamStats nss/regions layer 11 (Peak_Flow_Region_*_2016_5083)",Box Canyon-Big Lost River; 90% of area in region 0
170402180805,Snake River Plain,boundary,,"SIR 2016-5083 p. 52 (PNW skew invalid in region 0), p. 17 and p. 9 fig. 3 (region 0 defined); region polygons from StreamStats nss/regions layer 11 (Peak_Flow_Region_*_2016_5083)",Deadman Canyon-Big Lost River; 83% of area in region 0
170402180900,Snake River Plain,excluded,,"SIR 2016-5083 p. 52 (PNW skew invalid in region 0), p. 17 and p. 9 fig. 3 (region 0 defined); region polygons from StreamStats nss/regions layer 11 (Peak_Flow_Region_*_2016_5083)",Big Lost River Sinks-Big Lost River; 98% of area in region 0
170402181000,Snake River Plain,excluded,,"SIR 2016-5083 p. 52 (PNW skew invalid in region 0), p. 17 and p. 9 fig. 3 (region 0 defined); region polygons from StreamStats nss/regions layer 11 (Peak_Flow_Region_*_2016_5083)",Cedar Butte; 100% of area in region 0
170402210403,Snake River Plain,boundary,,"SIR 2016-5083 p. 52 (PNW skew invalid in region 0), p. 17 and p. 9 fig. 3 (region 0 defined); region polygons from StreamStats nss/regions layer 11 (Peak_Flow_Region_*_2016_5083)",Lower Fish Creek; 8% of area in region 0
170402210901,Snake River Plain,excluded,,"SIR 2016-5083 p. 52 (PNW skew invalid in region 0), p. 17 and p. 9 fig. 3 (region 0 defined); region polygons from StreamStats nss/regions layer 11 (Peak_Flow_Region_*_2016_5083)",Star Lake Ranch; 100% of area in region 0
170402210902,Snake River Plain,excluded,,"SIR 2016-5083 p. 52 (PNW skew invalid in region 0), p. 17 and p. 9 fig. 3 (region 0 defined); region polygons from StreamStats nss/regions layer 11 (Peak_Flow_Region_*_2016_5083)",City of Dietrich; 100% of area in region 0
