pair,aep,n,median_diff_log,median_abs,max_abs,share_home_higher,median_thr,flagged,median_ratio,systematic
AZ-UT,0.01,2,0.38133894354014264,0.4240137904387187,0.8053527339788613,0.5,0.729669520903252,0,2.4062400085962072,False
AZ-UT,0.1,2,0.16411944096493958,0.1874185398596388,0.3515379808245784,0.5,0.6681446968428018,0,1.459215522903993,False
AZ-UT,0.5,2,-0.19996148925330545,0.19996148925330545,0.2879252004968933,0.0,0.8607680968744087,0,0.6310132966436325,False
ID-MT,0.01,9,0.2632605818025433,0.2715147175931331,0.367550594654265,0.7777777777777778,0.6247197929304358,0,1.8334141624938982,True
ID-MT,0.1,9,0.2258515814345143,0.2326967910683386,0.353640215732252,0.7777777777777778,0.5708753911793336,0,1.682099111556468,True
ID-MT,0.5,9,0.1955669429998292,0.2001735726440263,0.3331818594040738,0.6666666666666666,0.5667170069715777,0,1.5687976965857133,False
ID-OR,0.01,4,0.04311737563949155,0.057900733384371905,0.215625631368475,0.75,0.4174632641924186,0,1.1043770566846616,False
ID-OR,0.1,4,0.10207274389196505,0.10207274389196505,0.2144607356773074,0.75,0.4257207209096132,0,1.2649482072888498,True
ID-OR,0.5,4,0.17070717661083695,0.17070717661083695,0.2203232317417893,0.75,0.5356795951417445,0,1.481518833095457,True
ID-UT,0.01,3,0.1051346587375712,0.1051346587375712,0.1786873095657095,0.6666666666666666,0.9284768631097,0,1.2738980086825336,False
ID-UT,0.1,3,0.2172603265146984,0.2172603265146984,0.4465721008155556,1.0,0.959289057835124,0,1.6491506356988894,True
ID-UT,0.5,3,0.4902531360746862,0.4902531360746862,0.707093426984247,1.0,1.3159842286095818,0,3.092097189871218,True
MT-ID,0.01,22,-0.0264020367277921,0.14320323328531745,0.3760643151687097,0.4090909090909091,0.6247860288685892,0,0.9410180703872091,False
MT-ID,0.1,22,0.00671564340042075,0.1323135552140102,0.4742412928783968,0.5,0.5709653637856339,0,1.0155835164738047,False
MT-ID,0.5,22,0.021277892588602097,0.09755085901782615,0.5966900187161337,0.5454545454545454,0.58302618545502,0,1.0502142156698073,False
NM-AZ,0.01,11,-0.0481007088588172,0.1075561730859071,0.3060298381949673,0.2727272727272727,0.5074983023566924,0,0.8951571628435943,False
NM-AZ,0.1,11,-0.0645747144722657,0.0984351958333307,0.2899554327552445,0.36363636363636365,0.4863351498881065,0,0.8618372985391872,False
NM-AZ,0.5,11,-0.0214314458524778,0.1886689831537653,0.4127550768224113,0.45454545454545453,0.7289080328988743,0,0.951850087464658,False
NM-CO,0.01,6,0.05852419322176655,0.09292854463729605,0.1096393526090433,0.6666666666666666,0.5588373549566545,0,1.1442586212013983,False
NM-CO,0.1,6,0.0355808815276872,0.0613405518511773,0.2174212856350414,0.6666666666666666,0.5376089728034218,0,1.0853776678578155,False
NM-CO,0.5,6,0.018489952600434748,0.0641820482561309,0.3218211299159363,0.5,0.665249318909965,0,1.0434939912237466,False
OR-ID,0.01,1,-0.1523264663900772,0.1523264663900772,0.1523264663900772,0.0,0.4174632641924186,0,0.7041635385122517,False
OR-ID,0.1,1,-0.1794417153938692,0.1794417153938692,0.1794417153938692,0.0,0.4257207209096132,0,0.6615433141227124,False
OR-ID,0.5,1,-0.2254382478576673,0.2254382478576673,0.2254382478576673,0.0,0.5358988775277759,0,0.5950613622585263,False
OR-WA,0.01,2,0.0575841838622195,0.0575841838622195,0.0617043973872002,1.0,0.46090545247999964,0,1.1417846072757085,False
OR-WA,0.1,2,0.06373528517902671,0.0719381147501503,0.135673399929177,0.5,0.4243408921940789,0,1.1580712636600745,False
OR-WA,0.5,2,0.07535305900887534,0.14365333818986856,0.2190063971987439,0.5,0.4514838078677542,0,1.1894688112721892,False
UT-AZ,0.01,3,-0.0019014928407612,0.0170583615508066,0.223804616307861,0.3333333333333333,0.5933510691846418,0,0.9956312219272325,False
UT-AZ,0.1,3,-0.0301433813574418,0.0301433813574418,0.1773884997417836,0.0,0.6592920886401376,0,0.9329462398205204,False
UT-AZ,0.5,3,0.0049296580926077,0.0629454335275196,0.1443405460284954,0.6666666666666666,0.9280095838631852,0,1.0114156237968668,False
UT-ID,0.01,2,0.19206270433597972,0.32801606467414635,0.5200787690101261,0.5,0.7709157336506371,0,1.5561903013614662,False
UT-ID,0.1,2,-0.0435380609411211,0.1904809741374393,0.2340190350785604,0.5,0.7537762058440368,0,0.9046111554489882,False
UT-ID,0.5,2,-0.3523784741875274,0.3523784741875274,0.3622987574927263,0.0,0.944686589005989,0,0.4442439538835789,False
WA-ID,0.01,11,-0.1721795335395173,0.233836283311744,0.4190166293320101,0.36363636363636365,0.6149854685554592,0,0.6726985111173047,False
WA-ID,0.1,11,-0.1496501284405935,0.1963555328349464,0.3122230895923037,0.36363636363636365,0.6045029528892761,0,0.7085163416980577,False
WA-ID,0.5,11,-0.170479978749575,0.170479978749575,0.2972822184150101,0.09090909090909091,0.7982973337776171,0,0.6753361867029951,True
WY-CO,0.01,3,0.0206146702309979,0.1138925735325013,0.1253127456652665,0.6666666666666666,0.5445801291508926,0,1.0486116303121145,False
WY-CO,0.1,3,-0.0089698099061719,0.0324330173207778,0.1736190078470296,0.3333333333333333,0.5564691385437108,0,0.9795580772763911,False
WY-CO,0.5,3,0.0242688172362242,0.1251928504637245,0.2029040178688466,0.6666666666666666,0.7305817060440392,0,1.0574718548581057,False
WY-MT,0.01,6,-0.0189436743521991,0.0662219220191224,0.2706754402561935,0.3333333333333333,0.5185642288355939,0,0.957318222244832,False
WY-MT,0.1,6,0.1199015712760671,0.18411924824579406,0.3950391465928682,0.8333333333333334,0.5292152417858536,0,1.3179580020278183,True
WY-MT,0.5,6,0.19409435475161113,0.24121014849133382,1.022211846220105,0.8333333333333334,0.7235023974833068,1,1.5634872887491393,True
WY-UT,0.01,4,0.00999638472853025,0.02348144484040325,0.4157684653525941,0.75,0.4656221157811213,0,1.0232844739441962,False
WY-UT,0.1,4,0.06451886379041791,0.06451886379041791,0.2803293580613712,1.0,0.4341857312954833,0,1.1601626072764215,False
WY-UT,0.5,4,0.07088405451432316,0.07088405451432316,0.105506306686347,1.0,0.5290108272462795,0,1.1772916248984744,False
