state,aep,n,bias_log,rmse_log,median_abs_log,bias_pct
AZ,0.01,44,-0.03412058788916996,0.3681810237721409,0.22810247918802773,-7.555854569834775
AZ,0.1,44,-0.027364133781187253,0.25815412409216004,0.16061649400758093,-6.106426930188846
AZ,0.5,44,-0.05313174249901845,0.32612023536362456,0.18199169100833035,-11.515284777727475
CO,0.01,180,-0.010716946259414634,0.37696349990206046,0.1809079154602149,-2.43747004703041
CO,0.1,180,-0.019800175551695044,0.2598965684463037,0.15668655790917096,-4.456790856648418
CO,0.5,180,-0.025717128477641227,0.2936725404744325,0.15086103122908479,-5.749671727362394
ID,0.01,88,-0.00511994280402652,0.284957099321515,0.08873682982055398,-1.1719884769072375
ID,0.1,88,-0.005027331330652035,0.2536230562119686,0.07675560296371109,-1.1509115715211626
ID,0.5,88,-0.007250627520693984,0.252464060654223,0.08755622920775208,-1.6556594558675752
MT,0.01,203,0.009696934214528882,0.4277635256511679,0.19598560531550513,2.2579151961520383
MT,0.1,203,0.016417618863848633,0.3613110570356367,0.1483596412350603,3.852658606941417
MT,0.5,203,0.025075167472700187,0.4502989576997068,0.21540126187153197,5.943707615134852
OR,0.01,150,0.005692024458175038,0.3039619094991956,0.15323176800373428,1.319263560380901
OR,0.1,150,0.0022386325665168317,0.28513561777913926,0.14841515102172065,0.5167949999510979
OR,0.5,150,-0.0011018801667504721,0.289630900794516,0.14613222694786587,-0.25339569435415266
UT,0.01,68,-0.032705811977861494,0.35271440602943877,0.2288414076069376,-7.25421359372943
UT,0.1,68,-0.03025543581973813,0.3079363901889755,0.1560121221499906,-6.729444319118583
UT,0.5,68,-0.02702757901842401,0.37259320777823857,0.23721293586617564,-6.033636282450239
WA,0.01,247,0.008160828056048963,0.32586470720731997,0.15887406817814131,1.8968662958585458
WA,0.1,247,0.002758583770138104,0.30763122238395635,0.15665871565258183,0.6372089798054592
WA,0.5,247,-0.005676687615219816,0.3185428285765741,0.16509773785702908,-1.2986001014945625
