role,state,aep,n,bias_log,rmse_log,median_abs_log,bias_pct,flagged
home,AZ,0.01,9,0.04538321865402609,0.3190085816680609,0.2042869844500563,11.015397591542797,1
home,AZ,0.1,9,0.15215502537578285,0.29681067166991676,0.1489531914365303,41.95641576310696,1
home,AZ,0.5,9,0.21884860043098955,0.3430051339307115,0.3401218688017495,65.51928454561843,0
home,CO,0.01,16,0.08955099825332381,0.2668172381603559,0.1913168917054095,22.899749659953073,1
home,CO,0.1,16,0.058928401714275096,0.19929760202651278,0.1625820097983947,14.53241064361508,0
home,CO,0.5,16,0.014437705674043514,0.20613786632702097,0.13869136875991625,3.3802803754469535,0
home,ID,0.01,50,0.03399938468294838,0.3103120078875943,0.12083963963085885,8.143241910191268,6
home,ID,0.1,50,0.018788199956802944,0.2758587291933021,0.12805482425181108,4.421084631879002,8
home,ID,0.5,50,-0.004632123930791319,0.26371226837111084,0.1408505634271035,-1.0609180919987637,4
home,MT,0.01,66,-0.01553839974801861,0.26171682878643854,0.1561609752128936,-3.514600308998106,7
home,MT,0.1,66,-0.023798545415611386,0.2616040179595906,0.13609011617926553,-5.332380926394831,6
home,MT,0.5,66,-0.018175044350740775,0.32978554830357937,0.14867156077594695,-4.098598131976017,5
home,NM,0.01,31,-0.011936126205421097,0.24034336130055783,0.1468246022288424,-2.7109699052435543,4
home,NM,0.1,31,-0.03313768877110957,0.20006743454494094,0.0829337771867946,-7.346397227653723,2
home,NM,0.5,31,-0.002050362686736867,0.2515286560105685,0.1105484504225007,-0.4710007519590609,1
home,OR,0.01,12,0.001784069073139688,0.21419736105715928,0.09881918101800585,0.4116420130780618,1
home,OR,0.1,12,-0.0212010501857864,0.19397940112714523,0.15113628216976055,-4.764481674106236,0
home,OR,0.5,12,-0.06211749784015369,0.1816798051476598,0.11865674762534925,-13.327264798892536,0
home,UT,0.01,17,0.12907171016447755,0.4003483099251202,0.1775631250270422,34.608259919092774,2
home,UT,0.1,17,0.05038043342045617,0.33991145886427904,0.1831547531821966,12.300175100117494,2
home,UT,0.5,17,-0.011561752885533634,0.37657379316372164,0.3490425045427532,-2.6270680327620255,2
home,WA,0.01,41,0.043841124722884546,0.24986321750478677,0.168717674850892,10.621902864942957,4
home,WA,0.1,41,0.021218897713507122,0.21741404192325314,0.154407739713557,5.007156350384778,5
home,WA,0.5,41,-0.012706498086791276,0.22003268840654208,0.1284459023709425,-2.8833927698499573,3
home,WY,0.01,18,0.030226869367399673,0.25479044654457195,0.11881798466648044,7.2079198173889525,2
home,WY,0.1,18,0.0827889976462098,0.2487534929574935,0.12533628632590016,21.00101062470776,2
home,WY,0.5,18,0.09932163398467703,0.27596572625343835,0.13137466738201503,25.696051098083238,3
neighbor,AZ,0.01,22,0.0041977530048508006,0.29896449778237416,0.1917505431700319,0.9712547079569367,2
neighbor,AZ,0.1,22,-0.04144062816717612,0.28354554107957103,0.18880810590326108,-9.100944251332432,2
neighbor,AZ,0.5,22,0.004843770895779625,0.3428742563775155,0.24576867698366045,1.1215623411515274,1
neighbor,CO,0.01,10,0.1576988897485567,0.3024796780956499,0.1588796552975997,43.78013589360241,2
neighbor,CO,0.1,10,0.06644931428705265,0.2604676009705391,0.0877013929553782,16.533103925091062,1
neighbor,CO,0.5,10,0.01779785268596788,0.2845366856016596,0.1386984144027048,4.18323837656025,1
neighbor,ID,0.01,78,0.020466104486724868,0.2368015210227693,0.13289904265518854,4.825297706992693,7
neighbor,ID,0.1,78,0.005014277010114303,0.2261727523420789,0.13254525425731956,1.1612709500508522,6
neighbor,ID,0.5,78,-0.0077713010451016485,0.22411325806928645,0.124207584640549,-1.7734933540723308,6
neighbor,MT,0.01,25,-0.24817109456533268,0.37205678535664843,0.2602099413098946,-43.528554380826364,6
neighbor,MT,0.1,25,-0.22723488833100688,0.295845855014149,0.2323986391640504,-40.73952725955166,5
neighbor,MT,0.5,25,-0.21205954644920805,0.3134812467899876,0.2001348473596067,-38.63221424451484,1
neighbor,OR,0.01,10,-0.17457801517113153,0.2379329963344418,0.13929508672461477,-33.100636647049356,2
neighbor,OR,0.1,10,-0.23411700671639307,0.29488235953962416,0.21142071905190105,-41.67120651201589,3
neighbor,OR,0.5,10,-0.3144883834137756,0.37556122398649655,0.26244016429072814,-51.52569215547624,3
neighbor,UT,0.01,17,-0.060366873679955975,0.38324277511101323,0.1412621668908809,-12.97718527087276,0
neighbor,UT,0.1,17,-0.05795929921501608,0.26364261604510864,0.2565154642453389,-12.493422005736255,1
neighbor,UT,0.5,17,-0.040298836391456774,0.3935085218433864,0.3059366533071759,-8.861649599714895,4
neighbor,WA,0.01,12,-0.36181434060432016,0.40881876150114155,0.3158135005645448,-56.53039844939234,5
neighbor,WA,0.1,12,-0.4486723235604381,0.5292039131390927,0.4949340255394181,-64.41002553237342,7
neighbor,WA,0.5,12,-0.5652080083545619,0.699681221377295,0.7269441654766697,-72.78602436355781,7
