role,state,region,site_no,site_name,kind,aeps,worst_ratio
home,AZ,1,09383500,"NUTRIOSO CREEK ABV NELSON RES NR SPRINGERVILLE, AZ",border,0.2,2.951112921960589
home,AZ,4,09457000,"SAN SIMON RIVER NEAR SOLOMON, ARIZ.",straddles,"0.2,0.1,0.04,0.02,0.01,0.002",4.328494504046633
home,CO,RioGrande,08248500,"SAN ANTONIO RIVER AT MOUTH, NEAR MANASSA, CO.",straddles,0.002,2.7890912177952005
home,CO,Southwest,09363100,"SALT CREEK NEAR OXFORD, CO.",border,"0.04,0.02,0.01,0.002",5.747508696745663
home,ID,1_2,12392100,TRAPPER CREEK NR CLARK FORK ID,border,"0.1,0.04,0.02,0.01,0.002",0.07778432661406787
home,ID,1_2,12415200,PLUMMER CREEK TRIB AT PLUMMER ID,border,"0.5,0.2,0.1,0.04,0.02,0.01",0.1668377979870801
home,ID,7,13083000,TRAPPER CREEK NR OAKLEY ID,border,"0.1,0.04",3.75484897880571
home,ID,6_8,13116000,MEDICINE LODGE CREEK AT ELLIS RANCH NR ANGORA ID,straddles,"0.5,0.2,0.1,0.04,0.02",3.632233024308455
home,ID,6_8,13116500,MEDICINE LODGE CREEK NR SMALL ID,straddles,"0.5,0.2,0.1,0.04,0.02",4.003095150874213
home,ID,6_8,13118700,LITTLE LOST RIVER BL WET CREEK NR HOWE ID,inland,"0.1,0.04,0.02,0.01,0.002",4.912898777973307
home,ID,7,13153500,MALAD RIVER NR BLISS ID,inland,"0.04,0.02,0.01,0.002",4.318938568969859
home,ID,6_8,13302000,PAHSIMEROI RIVER NR MAY ID,inland,"0.5,0.2,0.1,0.04,0.02,0.01,0.002",5.44324548060433
home,ID,6_8,13302005,PAHSIMEROI RIVER AT ELLIS ID,inland,"0.2,0.1,0.04,0.02,0.01,0.002",4.460976624008432
home,MT,SW,06014000,Red Rock River near Dell MT,inland,"0.5,0.2,0.1,0.04,0.02",10.755222911893943
home,MT,SW,06018000,Beaverhead River near Dillon MT,straddles,"0.5,0.2,0.1,0.04,0.02,0.01,0.002",8.47900221192956
home,MT,SW,06038550,Cabin Creek near West Yellowstone MT,border,"0.5,0.2,0.1,0.04,0.02,0.01",0.19860214786124242
home,MT,UYCM,06187915,Soda Butte Cr at Park Bndry at Silver Gate,straddles,"0.5,0.2,0.1",0.21188209335530706
home,MT,SEP,06306300,Tongue River at State Line nr Decker MT,straddles,"0.5,0.2,0.1,0.04,0.02,0.01",0.10970379061452656
home,MT,SEP,06325500,Little Powder River near Broadus MT,straddles,"0.04,0.02,0.01,0.002",5.217107032627771
home,MT,W,12303400,Ross Creek near Troy MT,border,"0.1,0.04,0.02,0.01,0.002",0.19185485284949547
home,MT,W,12340000,Blackfoot River near Bonner MT,inland,"0.01,0.002",2.5024916832594526
home,MT,W,12354000,"St. Regis River near St. Regis, MT",straddles,"0.04,0.02,0.01,0.002",0.23519290005891677
home,NM,5,08253500,"SANTISTEVAN CREEK NEAR COSTILLA, NM",border,"0.01,0.002",3.8857983721377893
home,NM,2,09367860,"CHUSCA WASH NEAR MEXICAN SPRINGS, NM",border,"0.2,0.1,0.04,0.02,0.01",0.21614400679240497
home,NM,7,09431000,"GILA RIVER NEAR CLIFF, NM",inland,"0.01,0.002",3.179864343541875
home,NM,8,09442740,"TULAROSA RIVER NEAR RESERVE, NM",inland,"0.5,0.2,0.1",3.9930070057420846
home,NM,7,09455800,"STEINS CREEK AT STEINS, NM",border,"0.01,0.002",2.827789895945367
home,OR,E6,10406500,"TROUT CREEK NEAR DENIO,NEV.",border,"0.04,0.02,0.01",3.3770640820068416
home,UT,6,09182000,"CASTLE CREEK ABOVE DIVERSIONS, NEAR MOAB, UTAH",border,"0.5,0.2,0.1,0.04,0.02,0.01,0.002",23.481697568613242
home,UT,1,10023000,"BIG CREEK NEAR RANDOLPH, UT",border,"0.5,0.2,0.1,0.04,0.02,0.01",4.977544214489777
home,WA,4,12010600,"LANE CREEK NEAR NASELLE, WA",border,0.002,2.5181473583664586
home,WA,4,14111400,"KLICKITAT RIVER BL SUMMIT CREEK NEAR GLENWOOD, WA",inland,"0.5,0.2,0.1,0.04,0.02,0.01,0.002",5.007173359529949
home,WA,4,14112200,"LITTLE KLICKITAT RIVER TRIB NEAR GOLDENDALE, WA",border,"0.1,0.04,0.02,0.01,0.002",0.19225834513041906
home,WA,4,14113000,"KLICKITAT RIVER NEAR PITT, WA",border,"0.5,0.2,0.1,0.04",2.4376630627234475
home,WA,4,14123000,"WHITE SALMON RIVER AT HUSUM, WA",border,"0.5,0.2,0.1,0.04,0.02,0.01,0.002",3.276247776591776
home,WA,4,14123500,"WHITE SALMON RIVER NEAR UNDERWOOD, WA",border,"0.2,0.1,0.04,0.02,0.01,0.002",2.919690156333339
home,WY,1,06188000,Lamar River nr Tower Ranger Station YNP,straddles,"0.5,0.2,0.1,0.04,0.02,0.01,0.002",0.30507864457809997
home,WY,4,06755000,"SOUTH CROW CREEK NEAR HECLA, WY",border,0.5,2.4783299480450998
home,WY,6,09258980,"MUDDY CREEK BELOW YOUNG DRAW, NEAR BAGGS, WY",border,"0.5,0.2,0.1,0.04,0.02,0.01",6.509545907875323
neighbor,AZ,2,09367860,"CHUSCA WASH NEAR MEXICAN SPRINGS, NM",border,"0.5,0.2,0.1,0.04,0.02,0.01",0.15176944462791664
neighbor,AZ,2,09367950,"CHACO RIVER NEAR WATERFLOW , NM",straddles,0.002,3.5030110824607803
neighbor,AZ,3,09419910,"GYPSUM WASH AT NORTHSHORE RD NR LAS VEGAS BAY, NV",border,"0.2,0.1",0.18712956115626564
neighbor,AZ,4,09431000,"GILA RIVER NEAR CLIFF, NM",inland,"0.04,0.02,0.01,0.002",3.502917956601128
neighbor,CO,RioGrande,08253500,"SANTISTEVAN CREEK NEAR COSTILLA, NM",border,"0.01,0.002",3.878171653105491
neighbor,CO,Northwest,09258980,"MUDDY CREEK BELOW YOUNG DRAW, NEAR BAGGS, WY",border,"0.5,0.2,0.1,0.04,0.02,0.01",6.155762801600795
neighbor,ID,6_8,06006000,"Red Rock Cr ab Lakes, nr Lakeview, MT",straddles,"0.2,0.1,0.04,0.01",3.122079680561253
neighbor,ID,6_8,06014000,Red Rock River near Dell MT,inland,"0.5,0.2,0.1,0.04",5.272644992955413
neighbor,ID,6_8,06018000,Beaverhead River near Dillon MT,straddles,"0.5,0.2,0.1,0.04,0.02,0.01,0.002",5.012757357943888
neighbor,ID,6_8,06191500,Yellowstone River at Corwin Springs MT,inland,"0.5,0.2",0.37558544417659495
neighbor,ID,6_8,06192500,"Yellowstone River near Livingston, MT",inland,"0.5,0.2",0.3571875519659222
neighbor,ID,6_8,13018350,"FLAT CREEK BELOW CACHE CREEK, NEAR JACKSON, WY",inland,"0.5,0.2,0.1,0.04,0.02,0.01,0.002",5.59262423260576
neighbor,ID,6_8,13025500,"CROW CREEK NEAR FAIRVIEW, WY",straddles,"0.5,0.2,0.1,0.04,0.02,0.01",3.3805941469717156
neighbor,ID,3,13334450,"ASOTIN CREEK BELOW CONFLUENCE NEAR ASOTIN, WA",border,"0.04,0.02,0.01,0.002",2.6286391680344057
neighbor,ID,3,13334500,"ASOTIN CREEK NEAR ASOTIN, WA",border,"0.2,0.1,0.04,0.02,0.01,0.002",3.9495913544370502
neighbor,ID,3,13348400,"MISSOURI FLAT CREEK TRIB NEAR PULLMAN, WA",border,"0.01,0.002",0.29031857572987124
neighbor,MT,UYCM,06188000,Lamar River nr Tower Ranger Station YNP,straddles,"0.2,0.1,0.04,0.02,0.01,0.002",0.2596415880480106
neighbor,MT,SEP,06298000,"TONGUE RIVER NEAR DAYTON, WY",border,"0.5,0.2",0.0855003861702956
neighbor,MT,W,12392100,TRAPPER CREEK NR CLARK FORK ID,border,"0.2,0.1,0.04,0.02,0.01,0.002",0.05286967165596551
neighbor,MT,W,12392155,LIGHTNING CREEK AT CLARK FORK ID,straddles,"0.2,0.1,0.04,0.02,0.01,0.002",0.2146906404798923
neighbor,MT,W,12413000,NF COEUR D ALENE RIVER AT ENAVILLE ID,inland,"0.2,0.1,0.04,0.02,0.01,0.002",0.1970753897860949
neighbor,MT,W,12413500,COEUR D ALENE RIVER NR CATALDO ID,inland,"0.2,0.1,0.04,0.02,0.01,0.002",0.21607298591706298
neighbor,MT,W,12414500,"ST JOE RIVER AT CALDER, ID",inland,"0.02,0.01,0.002",0.36093748516591656
neighbor,OR,E3,13339000,CLEARWATER RIVER AT KAMIAH ID,inland,"0.5,0.2,0.1,0.04,0.02,0.01",0.2491788196713359
neighbor,OR,E3,13340000,CLEARWATER RIVER AT OROFINO ID,inland,"0.5,0.2,0.1,0.04",0.2688391199540563
neighbor,OR,E3,13341000,NF CLEARWATER RIVER AT AHSAHKA ID,inland,"0.5,0.2,0.1,0.04,0.02,0.01,0.002",0.2526775901884652
neighbor,UT,6,09404110,"HAVASU CREEK AT SUPAI, AZ",inland,"0.5,0.2,0.1,0.04",4.46604304566452
neighbor,UT,7,09414900,"BEAVER DAM WASH AT BEAVER DAM, AZ",straddles,0.5,4.296890917687201
neighbor,UT,1,10027000,"TWIN CREEK AT SAGE, WY",border,0.5,3.1071857082045113
neighbor,UT,1,10093000,CUB RIVER NR PRESTON ID,border,0.5,0.30420110198145334
neighbor,WA,4,14120000,"HOOD RIVER AT TUCKER BRIDGE, NEAR HOOD RIVER, OR",border,"0.5,0.2,0.1",0.26629569394702735
neighbor,WA,4,14138850,"BULL RUN RIVER NEAR MULTNOMAH FALLS, OR",border,"0.5,0.2,0.1,0.04,0.02,0.01,0.002",0.08944312763192232
neighbor,WA,4,14138870,"FIR CREEK NEAR BRIGHTWOOD, OR",border,"0.5,0.2,0.1,0.04,0.02,0.01,0.002",0.13205277291182388
neighbor,WA,4,14139700,"CEDAR CREEK NEAR BRIGHTWOOD, OREG.",border,"0.5,0.2,0.1,0.04,0.02,0.01,0.002",0.10065607822236758
neighbor,WA,4,14139800,"SOUTH FORK BULL RUN RIVER NEAR BULL RUN, OR",border,"0.5,0.2,0.1,0.04,0.02,0.01,0.002",0.10562983713865431
neighbor,WA,4,14141500,"LITTLE SANDY RIVER NEAR BULL RUN, OR",border,"0.5,0.2,0.1,0.04,0.02,0.01,0.002",0.1317201788433981
neighbor,WA,4,14251500,"YOUNGS RIVER NEAR ASTORIA, OREG.",border,"0.5,0.2,0.1,0.04,0.02",0.12860593904924542
