state,region,aep,n,bias_log,rmse_log,median_abs_log,bias_pct
AZ,1,0.01,1,0.3296746643546604,0.3296746643546604,0.3296746643546604,113.63611140227778
AZ,1,0.1,1,0.4372052963654389,0.4372052963654389,0.4372052963654389,173.65620272717223
AZ,1,0.5,1,0.5137159042908261,0.5137159042908261,0.5137159042908261,226.37426311880168
AZ,2,0.01,4,0.05721178271623021,0.23796681490986932,0.10115919269962909,14.080596337431196
AZ,2,0.1,4,0.113294673452912,0.2785771032564305,0.18367826711727164,29.80597196622523
AZ,2,0.5,4,0.10953799023607946,0.34903055738175115,0.30857505183605055,28.687981888516777
AZ,3,0.01,1,-0.4194932579103358,0.4194932579103358,0.4194932579103358,-61.93667334043217
AZ,3,0.1,1,0.0641411629239465,0.0641411629239465,0.0641411629239465,15.915406595435911
AZ,3,0.5,1,0.3452291281816944,0.3452291281816944,0.3452291281816944,121.4262617963811
AZ,4,0.01,3,0.08980681019232982,0.3672989149897004,0.2042869844500563,22.97216247129623
AZ,4,0.1,3,0.13829002509367075,0.3094003897692658,0.0646786874606899,37.495987694681055
AZ,4,0.5,3,0.22418013682068916,0.25066325080615676,0.2599169729072828,67.56377535330238
CO,Foothills,0.01,1,-0.1925864541641324,0.1925864541641324,0.1925864541641324,-35.817955716642736
CO,Foothills,0.1,1,-0.2168087818768,0.2168087818768,0.2168087818768,-39.29964680127708
CO,Foothills,0.5,1,-0.3215513347602154,0.3215513347602154,0.3215513347602154,-52.30765628285147
CO,Mountain,0.01,2,0.007109587513717951,0.09360366396041173,0.09333327205342404,1.6505159909568023
CO,Mountain,0.1,2,-0.026246327203228052,0.0942085761537756,0.09047865012953515,-5.864448174548786
CO,Mountain,0.5,2,-0.016835934896451757,0.10016346104337327,0.09873839285885605,-3.8024381006490415
CO,Plains,0.01,1,0.1473676763495461,0.1473676763495461,0.1473676763495461,40.40018380450186
CO,Plains,0.1,1,0.061354013695694,0.061354013695694,0.061354013695694,15.173884247265779
CO,Plains,0.5,1,-0.159709904526033,0.159709904526033,0.159709904526033,-30.770675270764293
CO,RioGrande,0.01,1,0.3036253788238601,0.3036253788238601,0.3036253788238601,101.1987966056747
CO,RioGrande,0.1,1,0.0954660636977693,0.0954660636977693,0.0954660636977693,24.585088115472264
CO,RioGrande,0.5,1,-0.0329998673915379,0.0329998673915379,0.0329998673915379,-7.316989362028714
CO,Southwest,0.01,11,0.1054718360014974,0.29703758262864854,0.2351737612475792,27.48874208096659
CO,Southwest,0.1,11,0.09593961693801766,0.22520251551175186,0.1714707651349489,24.721009366487777
CO,Southwest,0.5,11,0.07081238793230783,0.2194679880048121,0.1406837954440734,17.709736614275617
ID,1_2,0.01,17,-0.15488231787715342,0.31577142875981146,0.1288498923766816,-29.996833994554727
ID,1_2,0.1,17,-0.12039536875183805,0.25237976433524095,0.0867488125093496,-24.211269713584915
ID,1_2,0.5,17,-0.08227141057424774,0.222560842016892,0.0901078278314519,-17.25750937375661
ID,3,0.01,3,-0.08355473099394302,0.13890486796180224,0.1133842991196036,-17.501648778060996
ID,3,0.1,3,-0.142551736150167,0.2320798053362504,0.2274568816975311,-27.980804809815773
ID,3,0.5,3,-0.19808541500505075,0.33215576726284946,0.344475778912384,-36.625494301108105
ID,4,0.01,6,-0.04373182156247713,0.059657911354266756,0.0346627631046074,-9.579234708790684
ID,4,0.1,6,-0.041657178269422536,0.055822100075262705,0.0371912365359277,-9.146257498298793
ID,4,0.5,6,-0.040805929066009265,0.054250930156296576,0.0361374485267722,-8.968002825613341
ID,5,0.01,2,-0.0025487296598001516,0.06876148852140686,0.06871423637646584,-0.5851479933019488
ID,5,0.1,2,-0.050699122630616156,0.1026247107686899,0.08922684699597425,-11.01826339482349
ID,5,0.5,2,-0.105150403124588,0.1594204903008697,0.1198260633189054,-21.503625796507475
ID,6_8,0.01,17,0.2078649025970428,0.3497317188108502,0.1291789608568687,61.38564511373519
ID,6_8,0.1,17,0.16499088305144485,0.3208954044285433,0.1788689381862069,46.21464799516926
ID,6_8,0.5,17,0.11075354454044155,0.28549281070585064,0.2295252984665889,29.048673434574003
ID,7,0.01,5,0.2634835751171184,0.43625152052982225,0.4646563993705674,83.43557910376038
ID,7,0.1,5,0.19205655561502002,0.392473848635361,0.3733983881760232,55.61682690479404
ID,7,0.5,5,0.06671803033910462,0.4123265332509017,0.432355251805423,16.60523011286972
MT,SEP,0.01,8,0.02984116395032149,0.3422835920486532,0.2515128204433199,7.112748636513366
MT,SEP,0.1,8,-0.04689227777132439,0.3237022388321151,0.2220597208067327,-10.23485800130638
MT,SEP,0.5,8,-0.09980988279059469,0.5275763889627362,0.47203084459263867,-20.532396319026613
MT,SW,0.01,18,0.04656761129289,0.30740654371988685,0.17347439495827885,11.31856809000289
MT,SW,0.1,18,0.0644688987083263,0.3427025890720523,0.16197237372118084,16.00291395767355
MT,SW,0.5,18,0.13827128513665715,0.40920310696405077,0.1624318693814186,37.49005482328842
MT,UYCM,0.01,15,-0.08338326189985097,0.2427266939306085,0.2223102948925022,-17.469070168232324
MT,UYCM,0.1,15,-0.11357070227408966,0.26016519845517266,0.231614329384493,-23.010890257866112
MT,UYCM,0.5,15,-0.17628504006234172,0.3172916171175203,0.2589397242094589,-33.363073181736645
MT,W,0.01,25,-0.03406927078984221,0.1998729420953599,0.1185498264944602,-7.544930540448657
MT,W,0.1,25,-0.0260978167159314,0.14822340858361838,0.0880615379128557,-5.832252261786197
MT,W,0.5,25,-0.009827255853953484,0.1307222867007568,0.0709898925887531,-2.237399771290838
NM,1,0.01,4,-0.10105414634658792,0.15554652329207166,0.11179796396916855,-20.75974697083617
NM,1,0.1,4,-0.049076342005152894,0.14267600053782933,0.0567517584421175,-10.685153124407387
NM,1,0.5,4,-0.005647549771585478,0.2454316929354475,0.20629888274910765,-1.2919777690548417
NM,2,0.01,6,-0.15542338635812594,0.3245803973211866,0.1951441840811132,-30.083993568820045
NM,2,0.1,6,-0.20116163315059055,0.30939889282046534,0.07028362217871126,-37.07280594370433
NM,2,0.5,6,-0.13802582649895576,0.36052292752212534,0.2665072004602178,-27.226347357578963
NM,5,0.01,8,0.10378220590103175,0.21075427724593132,0.14101681635244784,26.993708544758732
NM,5,0.1,8,0.014827184954711109,0.15237586266986253,0.08740030612898494,3.473034345597048
NM,5,0.5,8,-0.051425422488914546,0.1651336752546862,0.05859842497597785,-11.166949171638352
NM,7,0.01,8,0.06003967547256594,0.2201036741065354,0.1195080420574057,14.825851718464932
NM,7,0.1,8,0.048435974386137275,0.1465428474032553,0.11199191524634175,11.798499414064324
NM,7,0.5,8,0.1037255112913828,0.1862843899790025,0.15462895459570708,26.977131339418815
NM,8,0.01,4,-0.10425554433806218,0.2799819299770778,0.29528599720273174,-21.341718172882285
NM,8,0.1,4,-0.01729156092160089,0.2365301795720089,0.19561559239102874,-3.903307743592699
NM,8,0.5,4,0.09164917972068937,0.33342399414373375,0.17917723270935626,23.494944622333126
NM,9,0.01,1,0.0731841175305207,0.0731841175305207,0.0731841175305207,18.354320812246417
NM,9,0.1,1,-0.0609322160206251,0.0609322160206251,0.0609322160206251,-13.0903934192529
NM,9,0.5,1,0.0021864854887301,0.0021864854887301,0.0021864854887301,0.5047263629599064
OR,2,0.01,2,-0.1423963558649963,0.1687802438176043,0.1423963558649963,-27.955033436669076
OR,2,0.1,2,-0.0988557650690795,0.1162317326223457,0.0988557650690795,-20.357619063892752
OR,2,0.5,2,-0.0653453478319747,0.06559414053739634,0.0653453478319747,-13.96906316773694
OR,E1,0.01,1,-0.0659430019932507,0.0659430019932507,0.0659430019932507,-14.08737317901554
OR,E1,0.1,1,-0.1595942204799234,0.1595942204799234,0.1595942204799234,-30.752232035875217
OR,E1,0.5,1,-0.2484344874487796,0.2484344874487796,0.2484344874487796,-43.562793055150586
OR,E3,0.01,6,-0.0150246834999134,0.18518621441848007,0.12394525747333035,-3.4004025781382508
OR,E3,0.1,6,-0.04513974501808158,0.16701610883402124,0.1661962302640256,-9.871891859354442
OR,E3,0.5,6,-0.1002464282923597,0.18275978383970207,0.16582253992005655,-20.612235683077216
OR,E5,0.01,2,-0.033123329067980795,0.045424086915570615,0.033123329067980795,-7.343333637667982
OR,E5,0.1,2,-0.0505887616624605,0.05541287551582266,0.0505887616624605,-10.995648881316821
OR,E5,0.5,2,-0.0539159206875334,0.0620174752035534,0.0539159206875334,-11.674911896411677
OR,E6,0.01,1,0.5285393017363615,0.5285393017363615,0.5285393017363615,237.70640820068417
OR,E6,0.1,1,0.4749091418220561,0.4749091418220561,0.4749091418220561,198.47581162706865
OR,E6,0.5,1,0.3430256201601098,0.3430256201601098,0.3430256201601098,120.30564232436714
UT,1,0.01,5,0.01967540693254053,0.2663713685656191,0.1735382539309125,4.634621326297728
UT,1,0.1,5,0.029347920491990552,0.29476686288057613,0.180613087487151,6.991165991163251
UT,1,0.5,5,0.06657025621527472,0.34879584065789887,0.1786728002485298,16.56556047580857
UT,3,0.01,3,0.40006948732522796,0.41338777912041474,0.4048874345215765,151.22883666964265
UT,3,0.1,3,0.1316246585494027,0.1515906495934451,0.1527861438058435,35.40186882484673
UT,3,0.5,3,-0.22108652786544722,0.24596498192644314,0.1565765060922683,-39.8946027102218
UT,6,0.01,5,0.30885020750559294,0.5711865906829738,0.1257962435056727,103.63396027469483
UT,6,0.1,5,0.2812028557795535,0.47609658963459034,0.2179036311894799,91.07455454440971
UT,6,0.5,5,0.335090594731832,0.4513407900748203,0.3718075583292259,116.31697183658387
UT,7,0.01,4,-0.1621543653425582,0.2377138893723797,0.17020446473098233,-31.159243427509754
UT,7,0.1,4,-0.2727901222145434,0.2861206441520404,0.283849941635625,-46.640730202405436
UT,7,0.5,4,-0.38539861754831595,0.3880726142202107,0.40578441034687507,-58.82805514176626
WA,1,0.01,14,-0.021330634639289286,0.1695179369347508,0.1238400295424133,-4.792893735825188
WA,1,0.1,14,-0.03597516009649023,0.166882888131219,0.08029809009435104,-7.949778071531666
WA,1,0.5,14,-0.043840735528026205,0.2299431144835323,0.15367746730276116,-9.601907917316288
WA,2,0.01,2,0.08977355031381129,0.3266974273060591,0.3141208663435961,22.962745168649732
WA,2,0.1,2,-0.012330118477237098,0.1665814051690912,0.16612444951435118,-2.7991905615728063
WA,2,0.5,2,-0.12386872079066466,0.12535648628293686,0.12386872079066466,-24.814986990514132
WA,4,0.01,25,0.07666271591842774,0.27884947012481315,0.1691981771331958,19.30611830783262
WA,4,0.1,25,0.055931491382365174,0.24434616302542536,0.1673436850281833,13.744784277470812
WA,4,0.5,25,0.013621652696610153,0.22030229620047123,0.1244388359001384,3.186207971491184
WY,1,0.01,15,-0.013762909451639683,0.22159448898706463,0.1168507794895403,-3.1193396051844458
WY,1,0.1,15,0.039415211058035096,0.17902325800507787,0.1080791699219769,9.500275299878558
WY,1,0.5,15,0.05654329575234718,0.17920935399857477,0.1204533389844115,13.905133069626041
WY,4,0.01,1,0.1207851898434206,0.1207851898434206,0.1207851898434206,32.06422583040383
WY,4,0.1,1,0.2760828643303301,0.2760828643303301,0.2760828643303301,88.8351616314754
WY,4,0.5,1,0.3941591249118128,0.3941591249118128,0.3941591249118128,147.83299480450998
WY,6,0.01,2,0.3148710502721843,0.4568239619261434,0.33097485386414194,106.47669988747231
WY,6,0.1,2,0.31144546371546006,0.5276588637916727,0.425940840574112,104.85447889490386
WY,6,0.5,2,0.272740425263583,0.6056922374599722,0.5408102688987213,87.38741719693768
